[02Dec2025 19:40:38.740] [main/INFO] [cpw.mods.modlauncher.Launcher/MODLAUNCHER]: ModLauncher running: args [--gameDir, ., --launchTarget, fmlserver, --fml.forgeVersion, 36.2.34, --fml.mcpVersion, 20210115.111550, --fml.mcVersion, 1.16.5, --fml.forgeGroup, net.minecraftforge, nogui]
[02Dec2025 19:40:38.744] [main/INFO] [cpw.mods.modlauncher.Launcher/MODLAUNCHER]: ModLauncher 8.1.3+8.1.3+main-8.1.x.c94d18ec starting: java version 11.0.29 by Ubuntu
[02Dec2025 19:40:42.768] [main/INFO] [net.minecraftforge.fml.loading.FixSSL/CORE]: Added Lets Encrypt root certificates as additional trust
[02Dec2025 19:40:42.893] [main/INFO] [mixin/]: SpongePowered MIXIN Subsystem Version=0.8.4 Source=file:/workspaces/literate-parakeet/servidor_minecraft/libraries/org/spongepowered/mixin/0.8.4/mixin-0.8.4.jar Service=ModLauncher Env=SERVER
[02Dec2025 19:40:44.273] [main/INFO] [STDERR/]: [jdk.nashorn.api.scripting.NashornScriptEngine:<init>:143]: Warning: Nashorn engine is planned to be removed from a future JDK release
[02Dec2025 19:40:44.384] [main/INFO] [STDERR/]: [jdk.nashorn.api.scripting.NashornScriptEngine:<init>:143]: Warning: Nashorn engine is planned to be removed from a future JDK release
[02Dec2025 19:40:44.390] [main/INFO] [STDERR/]: [jdk.nashorn.api.scripting.NashornScriptEngine:<init>:143]: Warning: Nashorn engine is planned to be removed from a future JDK release
[02Dec2025 19:40:44.396] [main/INFO] [STDERR/]: [jdk.nashorn.api.scripting.NashornScriptEngine:<init>:143]: Warning: Nashorn engine is planned to be removed from a future JDK release
[02Dec2025 19:40:44.401] [main/INFO] [STDERR/]: [jdk.nashorn.api.scripting.NashornScriptEngine:<init>:143]: Warning: Nashorn engine is planned to be removed from a future JDK release
[02Dec2025 19:40:44.409] [main/INFO] [STDERR/]: [jdk.nashorn.api.scripting.NashornScriptEngine:<init>:143]: Warning: Nashorn engine is planned to be removed from a future JDK release
[02Dec2025 19:40:44.414] [main/INFO] [STDERR/]: [jdk.nashorn.api.scripting.NashornScriptEngine:<init>:143]: Warning: Nashorn engine is planned to be removed from a future JDK release
[02Dec2025 19:40:44.419] [main/INFO] [STDERR/]: [jdk.nashorn.api.scripting.NashornScriptEngine:<init>:143]: Warning: Nashorn engine is planned to be removed from a future JDK release
[02Dec2025 19:40:44.423] [main/INFO] [STDERR/]: [jdk.nashorn.api.scripting.NashornScriptEngine:<init>:143]: Warning: Nashorn engine is planned to be removed from a future JDK release
[02Dec2025 19:40:44.427] [main/INFO] [STDERR/]: [jdk.nashorn.api.scripting.NashornScriptEngine:<init>:143]: Warning: Nashorn engine is planned to be removed from a future JDK release
[02Dec2025 19:40:44.431] [main/INFO] [STDERR/]: [jdk.nashorn.api.scripting.NashornScriptEngine:<init>:143]: Warning: Nashorn engine is planned to be removed from a future JDK release
[02Dec2025 19:40:44.435] [main/INFO] [STDERR/]: [jdk.nashorn.api.scripting.NashornScriptEngine:<init>:143]: Warning: Nashorn engine is planned to be removed from a future JDK release
[02Dec2025 19:40:44.439] [main/INFO] [STDERR/]: [jdk.nashorn.api.scripting.NashornScriptEngine:<init>:143]: Warning: Nashorn engine is planned to be removed from a future JDK release
[02Dec2025 19:40:44.572] [main/INFO] [STDERR/]: [org.antlr.v4.runtime.ConsoleErrorListener:syntaxError:38]: line 59:57 token recognition error at: 's'
[02Dec2025 19:40:44.651] [main/INFO] [STDERR/]: [org.antlr.v4.runtime.ConsoleErrorListener:syntaxError:38]: line 1:0 token recognition error at: '~'
[02Dec2025 19:40:46.307] [main/INFO] [mixin/]: Successfully loaded Mixin Connector [hellfirepvp.astralsorcery.MixinConnector]
[02Dec2025 19:40:46.309] [main/INFO] [mixin/]: Successfully loaded Mixin Connector [vazkii.botania.common.MixinConnector]
[02Dec2025 19:40:46.310] [main/INFO] [mixin/]: Successfully loaded Mixin Connector [vazkii.patchouli.common.MixinConnector]
[02Dec2025 19:40:46.361] [main/INFO] [cpw.mods.modlauncher.LaunchServiceHandler/MODLAUNCHER]: Launching target 'fmlserver' with arguments [--gameDir, ., nogui]
[02Dec2025 19:40:46.444] [main/WARN] [mixin/]: Reference map 'modid.refmap.json' for rsinfinitybooster.mixins.json could not be read. If this is a development environment you can ignore this message
[02Dec2025 19:40:46.460] [main/WARN] [mixin/]: Reference map 'rhino-forge-refmap.json' for rhino.mixins.json could not be read. If this is a development environment you can ignore this message
[02Dec2025 19:40:47.208] [main/INFO] [net.minecraftforge.coremod.CoreMod.placebo/COREMODLOG]: Patching LivingEntity#attackEntityFrom
[02Dec2025 19:40:48.071] [main/INFO] [net.minecraftforge.coremod.CoreMod.placebo/COREMODLOG]: Patching ItemStack#onItemUse
[02Dec2025 19:40:48.323] [main/WARN] [mixin/]: Error loading class: dev/ftb/mods/ftbmoney/shop/ShopEntry (java.lang.ClassNotFoundException: null)
[02Dec2025 19:40:48.324] [main/WARN] [mixin/]: @Mixin target dev.ftb.mods.ftbmoney.shop.ShopEntry was not found questsadditions.mixins.json:MixinFTBShop
[02Dec2025 19:40:48.331] [main/FATAL] [net.minecraftforge.fml.loading.RuntimeDistCleaner/DISTXFORM]: Attempted to load class net/minecraft/client/entity/player/ClientPlayerEntity for invalid dist DEDICATED_SERVER
[02Dec2025 19:40:48.332] [main/WARN] [mixin/]: Error loading class: net/minecraft/client/entity/player/ClientPlayerEntity (java.lang.RuntimeException: Attempted to load class net/minecraft/client/entity/player/ClientPlayerEntity for invalid dist DEDICATED_SERVER)
[02Dec2025 19:40:48.332] [main/WARN] [mixin/]: @Mixin target net.minecraft.client.entity.player.ClientPlayerEntity was not found ars_nouveau.mixins.json:ClientElytraMixin
[02Dec2025 19:40:48.460] [main/INFO] [net.minecraftforge.coremod.CoreMod.placebo/COREMODLOG]: Patching DataPackRegistries#<init>
[02Dec2025 19:40:48.519] [main/INFO] [net.minecraftforge.coremod.CoreMod.observerlib/COREMODLOG]: Adding 'on_block_change' ASM patch...
[02Dec2025 19:40:48.585] [main/INFO] [net.minecraftforge.coremod.CoreMod.observerlib/COREMODLOG]: Added 'on_block_change' ASM patch!
[02Dec2025 19:40:48.610] [main/INFO] [net.minecraftforge.coremod.CoreMod.placebo/COREMODLOG]: Patching LootTableManager#apply
[02Dec2025 19:40:48.755] [main/INFO] [net.minecraftforge.coremod.CoreMod.astralsorcery/COREMODLOG]: Adding 'reach_set_server_entity_interact' ASM patch...
[02Dec2025 19:40:48.822] [main/INFO] [net.minecraftforge.coremod.CoreMod.astralsorcery/COREMODLOG]: Added 'reach_set_server_entity_interact' ASM patch!
[02Dec2025 19:40:51.768] [main/INFO] [net.minecraftforge.coremod.CoreMod.placebo/COREMODLOG]: Patching LivingEntity#attackEntityFrom
[02Dec2025 19:40:51.938] [main/INFO] [net.minecraftforge.coremod.CoreMod.observerlib/COREMODLOG]: Adding 'on_block_change' ASM patch...
[02Dec2025 19:40:51.943] [main/INFO] [net.minecraftforge.coremod.CoreMod.observerlib/COREMODLOG]: Added 'on_block_change' ASM patch!
[02Dec2025 19:40:55.950] [main/INFO] [net.minecraftforge.coremod.CoreMod.placebo/COREMODLOG]: Patching ItemStack#onItemUse
[02Dec2025 19:40:59.780] [main/INFO] [PluginManager/]: Scanning classes for titanium
[02Dec2025 19:40:59.807] [main/INFO] [PluginManager/]: Found FeaturePluginInstance for class DefaultResourceRegistryPlugin for plugin resources
[02Dec2025 19:41:00.258] [modloading-worker-2/WARN] [mixin/]: @Inject(@At("INVOKE")) Shift.BY=2 on assets/astralsorcery/astralsorcery.mixins.json:MixinItemPredicate::handler$zje000$enhanceEnchantmentList exceeds the maximum allowed value: 0. Increase the value of maxShiftBy to suppress this warning.
[02Dec2025 19:41:00.395] [modloading-worker-2/INFO] [net.minecraftforge.coremod.CoreMod.placebo/COREMODLOG]: Patching DataPackRegistries#<init>
[02Dec2025 19:41:00.505] [modloading-worker-0/WARN] [mixin/]: @Final field field_188669_b:Lorg/apache/logging/log4j/Logger; in progressivebosses.mixins.json:ChargingPlayerPhaseMixin should be final
[02Dec2025 19:41:01.128] [modloading-worker-0/INFO] [com.refinedmods.refinedstorage.apiimpl.API/]: Found 0 RS API injection points
[02Dec2025 19:41:01.316] [modloading-worker-2/INFO] [Silent Gear/TraitManager]: Registered condition serializer 'silentgear:not'
[02Dec2025 19:41:01.323] [modloading-worker-2/INFO] [Silent Gear/TraitManager]: Registered condition serializer 'silentgear:and'
[02Dec2025 19:41:01.327] [modloading-worker-2/INFO] [Silent Gear/TraitManager]: Registered condition serializer 'silentgear:or'
[02Dec2025 19:41:01.332] [modloading-worker-2/INFO] [Silent Gear/TraitManager]: Registered condition serializer 'silentgear:gear_type'
[02Dec2025 19:41:01.336] [modloading-worker-2/INFO] [Silent Gear/TraitManager]: Registered condition serializer 'silentgear:material_count'
[02Dec2025 19:41:01.449] [modloading-worker-2/INFO] [Silent Gear/TraitManager]: Registered condition serializer 'silentgear:material_ratio'
[02Dec2025 19:41:01.455] [modloading-worker-2/INFO] [Silent Gear/TraitManager]: Registered condition serializer 'silentgear:primary_material'
[02Dec2025 19:41:01.455] [modloading-worker-2/INFO] [Silent Gear/TraitManager]: Registered serializer 'silentgear:simple_trait'
[02Dec2025 19:41:01.457] [modloading-worker-2/INFO] [Silent Gear/TraitManager]: Registered serializer 'silentgear:damage_type_trait'
[02Dec2025 19:41:01.499] [modloading-worker-2/INFO] [Silent Gear/TraitManager]: Registered serializer 'silentgear:durability_trait'
[02Dec2025 19:41:01.506] [modloading-worker-2/INFO] [Silent Gear/TraitManager]: Registered serializer 'silentgear:enchantment_trait'
[02Dec2025 19:41:01.535] [modloading-worker-2/INFO] [Silent Gear/TraitManager]: Registered serializer 'silentgear:nbt_trait'
[02Dec2025 19:41:01.543] [modloading-worker-2/INFO] [Silent Gear/TraitManager]: Registered serializer 'silentgear:potion_effect_trait'
[02Dec2025 19:41:01.545] [modloading-worker-2/INFO] [Silent Gear/TraitManager]: Registered serializer 'silentgear:stat_modifier_trait'
[02Dec2025 19:41:01.569] [modloading-worker-2/INFO] [Silent Gear/TraitManager]: Registered serializer 'silentgear:attribute_trait'
[02Dec2025 19:41:01.583] [modloading-worker-2/INFO] [Silent Gear/TraitManager]: Registered serializer 'silentgear:block_placer'
[02Dec2025 19:41:01.589] [modloading-worker-2/INFO] [Silent Gear/TraitManager]: Registered serializer 'silentgear:block_filler'
[02Dec2025 19:41:01.593] [modloading-worker-2/INFO] [Silent Gear/TraitManager]: Registered serializer 'silentgear:synergy'
[02Dec2025 19:41:01.608] [modloading-worker-2/INFO] [Silent Gear/TraitManager]: Registered serializer 'silentgear:target_effect'
[02Dec2025 19:41:01.610] [modloading-worker-2/INFO] [Silent Gear/TraitManager]: Registered serializer 'silentgear:bonus_drops'
[02Dec2025 19:41:01.625] [modloading-worker-2/INFO] [Silent Gear/TraitManager]: Registered serializer 'silentgear:cancel_effects'
[02Dec2025 19:41:01.640] [modloading-worker-2/INFO] [Silent Gear/TraitManager]: Registered serializer 'silentgear:self_repair'
[02Dec2025 19:41:01.642] [modloading-worker-2/INFO] [Silent Gear/TraitManager]: Registered serializer 'silentgear:stellar'
[02Dec2025 19:41:01.645] [modloading-worker-2/INFO] [Silent Gear/TraitManager]: Registered serializer 'managear:mana'
[02Dec2025 19:41:01.666] [modloading-worker-2/INFO] [Silent Gear/TraitManager]: Registered serializer 'managear:manaburst'
[02Dec2025 19:41:01.701] [modloading-worker-2/INFO] [PluginManager/]: Scanning classes for portality
[02Dec2025 19:41:02.127] [modloading-worker-3/INFO] [net.minecraftforge.coremod.CoreMod.placebo/COREMODLOG]: Patching LootTableManager#apply
[02Dec2025 19:41:02.357] [modloading-worker-3/INFO] [mod.pianomanu.blockcarpentry.BlockCarpentryMain/]: Registering all blocks and items from BlockCarpentry
[02Dec2025 19:41:02.448] [modloading-worker-3/INFO] [mod.pianomanu.blockcarpentry.setup.Registration/]: Registering blocks from BlockCarpentry
[02Dec2025 19:41:02.451] [modloading-worker-3/INFO] [mod.pianomanu.blockcarpentry.setup.Registration/]: Registering items from BlockCarpentry
[02Dec2025 19:41:02.452] [modloading-worker-3/INFO] [mod.pianomanu.blockcarpentry.setup.Registration/]: Registering tiles from BlockCarpentry
[02Dec2025 19:41:02.452] [modloading-worker-3/INFO] [mod.pianomanu.blockcarpentry.setup.Registration/]: Registering containers from BlockCarpentry
[02Dec2025 19:41:02.453] [modloading-worker-3/INFO] [mod.pianomanu.blockcarpentry.setup.Registration/]: Registering points of interest from Blockcarpentry
[02Dec2025 19:41:02.458] [modloading-worker-3/INFO] [mod.pianomanu.blockcarpentry.BlockCarpentryMain/]: Registered all blocks and items from BlockCarpentry
[02Dec2025 19:41:04.398] [modloading-worker-1/INFO] [KubeJS/]: Looking for KubeJS plugins...
[02Dec2025 19:41:04.424] [modloading-worker-1/INFO] [KubeJS/]: Found kubejs plugin
[02Dec2025 19:41:04.491] [modloading-worker-1/INFO] [KubeJS/]: Found ftbchunks plugin
[02Dec2025 19:41:04.511] [modloading-worker-2/INFO] [net.minecraftforge.common.ForgeMod/FORGEMOD]: Forge mod loading, version 36.2.34, for MC 1.16.5 with MCP 20210115.111550
[02Dec2025 19:41:04.513] [modloading-worker-2/INFO] [net.minecraftforge.common.MinecraftForge/FORGE]: MinecraftForge v36.2.34 Initialized
[02Dec2025 19:41:04.523] [modloading-worker-1/INFO] [KubeJS/]: Done in 0 s
[02Dec2025 19:41:04.904] [modloading-worker-1/INFO] [KubeJS/]: Loaded common.properties
[02Dec2025 19:41:05.954] [modloading-worker-2/INFO] [Mystical Agriculture/]: Registered plugin: com.blakebr0.mysticalagriculture.lib.ModCorePlugin
[02Dec2025 19:41:06.187] [modloading-worker-1/INFO] [KubeJS Startup/]: Loaded script startup_scripts:bumblezone_black_list.js in 0.373 s
[02Dec2025 19:41:06.187] [modloading-worker-1/INFO] [KubeJS Startup/]: Loaded 1/1 KubeJS startup scripts in 0.828 s
[02Dec2025 19:41:06.390] [modloading-worker-1/INFO] [STDOUT/]: [yalter.mousetweaks.Logger:Log:6]: [Mouse Tweaks] Disabled because not running on the client.
[02Dec2025 19:41:06.390] [modloading-worker-1/INFO] [PluginManager/]: Scanning classes for titanium
[02Dec2025 19:41:06.421] [modloading-worker-1/INFO] [PluginManager/]: Constructed class DefaultResourceRegistryPlugin for plugin resources for mod titanium
[02Dec2025 19:41:06.421] [modloading-worker-1/INFO] [PluginManager/]: Executing phase CONSTRUCTION for plugin class DefaultResourceRegistryPlugin
[02Dec2025 19:41:07.256] [modloading-worker-1/WARN] [net.minecraftforge.common.ForgeConfigSpec/CORE]: Configuration file /workspaces/literate-parakeet/servidor_minecraft/config/skyblockbuilder/config.toml is not correct. Correcting
[02Dec2025 19:41:07.257] [modloading-worker-1/WARN] [net.minecraftforge.common.ForgeConfigSpec/CORE]: Incorrect key structures was corrected from null to its default, SimpleCommentedConfig:{}. 
[02Dec2025 19:41:07.260] [modloading-worker-1/WARN] [net.minecraftforge.common.ForgeConfigSpec/CORE]: Incorrect key structures.structures was corrected from null to its default, [minecraft:fortress]. 
[02Dec2025 19:41:07.260] [modloading-worker-1/WARN] [net.minecraftforge.common.ForgeConfigSpec/CORE]: Incorrect key structures.features was corrected from null to its default, [minecraft:end_spike, minecraft:end_gateway]. 
[02Dec2025 19:41:07.261] [modloading-worker-1/WARN] [net.minecraftforge.common.ForgeConfigSpec/CORE]: Incorrect key structures.whitelist-is-blacklist was corrected from null to its default, false. 
[02Dec2025 19:41:07.261] [modloading-worker-1/WARN] [net.minecraftforge.common.ForgeConfigSpec/CORE]: Incorrect key dimensions was corrected from null to its default, SimpleCommentedConfig:{}. 
[02Dec2025 19:41:07.262] [modloading-worker-1/WARN] [net.minecraftforge.common.ForgeConfigSpec/CORE]: Incorrect key dimensions.nether was corrected from null to its default, SimpleCommentedConfig:{}. 
[02Dec2025 19:41:07.262] [modloading-worker-1/WARN] [net.minecraftforge.common.ForgeConfigSpec/CORE]: Incorrect key dimensions.nether.default was corrected from null to its default, false. 
[02Dec2025 19:41:07.262] [modloading-worker-1/WARN] [net.minecraftforge.common.ForgeConfigSpec/CORE]: Incorrect key dimensions.end was corrected from null to its default, SimpleCommentedConfig:{}. 
[02Dec2025 19:41:07.262] [modloading-worker-1/WARN] [net.minecraftforge.common.ForgeConfigSpec/CORE]: Incorrect key dimensions.end.default was corrected from null to its default, false. 
[02Dec2025 19:41:07.262] [modloading-worker-1/WARN] [net.minecraftforge.common.ForgeConfigSpec/CORE]: Incorrect key dimensions.end.main-island was corrected from null to its default, true. 
[02Dec2025 19:41:07.266] [modloading-worker-1/WARN] [net.minecraftforge.common.ForgeConfigSpec/CORE]: Incorrect key world was corrected from null to its default, SimpleCommentedConfig:{}. 
[02Dec2025 19:41:07.267] [modloading-worker-1/WARN] [net.minecraftforge.common.ForgeConfigSpec/CORE]: Incorrect key world.surface was corrected from null to its default, false. 
[02Dec2025 19:41:07.267] [modloading-worker-1/WARN] [net.minecraftforge.common.ForgeConfigSpec/CORE]: Incorrect key world.surface-settings was corrected from null to its default, minecraft:bedrock,2*minecraft:dirt,minecraft:grass_block. 
[02Dec2025 19:41:07.267] [modloading-worker-1/WARN] [net.minecraftforge.common.ForgeConfigSpec/CORE]: Incorrect key world.sea-level was corrected from null to its default, 63. 
[02Dec2025 19:41:07.267] [modloading-worker-1/WARN] [net.minecraftforge.common.ForgeConfigSpec/CORE]: Incorrect key world.single-biome was corrected from null to its default, SimpleCommentedConfig:{}. 
[02Dec2025 19:41:07.268] [modloading-worker-1/WARN] [net.minecraftforge.common.ForgeConfigSpec/CORE]: Incorrect key world.single-biome.enabled was corrected from null to its default, false. 
[02Dec2025 19:41:07.268] [modloading-worker-1/WARN] [net.minecraftforge.common.ForgeConfigSpec/CORE]: Incorrect key world.single-biome.biome was corrected from null to its default, minecraft:plains. 
[02Dec2025 19:41:07.268] [modloading-worker-1/WARN] [net.minecraftforge.common.ForgeConfigSpec/CORE]: Incorrect key world.island-distance was corrected from null to its default, 8192. 
[02Dec2025 19:41:07.268] [modloading-worker-1/WARN] [net.minecraftforge.common.ForgeConfigSpec/CORE]: Incorrect key world.biome-range was corrected from null to its default, 8192. 
[02Dec2025 19:41:07.274] [modloading-worker-1/WARN] [net.minecraftforge.common.ForgeConfigSpec/CORE]: Incorrect key spawn was corrected from null to its default, SimpleCommentedConfig:{}. 
[02Dec2025 19:41:07.274] [modloading-worker-1/WARN] [net.minecraftforge.common.ForgeConfigSpec/CORE]: Incorrect key spawn.direction was corrected from null to its default, SOUTH. 
[02Dec2025 19:41:07.275] [modloading-worker-1/WARN] [net.minecraftforge.common.ForgeConfigSpec/CORE]: Incorrect key spawn.height was corrected from null to its default, 64. 
[02Dec2025 19:41:07.276] [modloading-worker-1/WARN] [net.minecraftforge.common.ForgeConfigSpec/CORE]: Incorrect key spawn.radius was corrected from null to its default, 50. 
[02Dec2025 19:41:07.279] [modloading-worker-1/WARN] [net.minecraftforge.common.ForgeConfigSpec/CORE]: Incorrect key spawn.dimension was corrected from null to its default, minecraft:overworld. 
[02Dec2025 19:41:07.280] [modloading-worker-1/WARN] [net.minecraftforge.common.ForgeConfigSpec/CORE]: Incorrect key inventory was corrected from null to its default, SimpleCommentedConfig:{}. 
[02Dec2025 19:41:07.280] [modloading-worker-1/WARN] [net.minecraftforge.common.ForgeConfigSpec/CORE]: Incorrect key inventory.clear was corrected from null to its default, false. 
[02Dec2025 19:41:07.280] [modloading-worker-1/WARN] [net.minecraftforge.common.ForgeConfigSpec/CORE]: Incorrect key inventory.drop was corrected from null to its default, true. 
[02Dec2025 19:41:07.282] [modloading-worker-1/WARN] [net.minecraftforge.common.ForgeConfigSpec/CORE]: Incorrect key utility was corrected from null to its default, SimpleCommentedConfig:{}. 
[02Dec2025 19:41:07.284] [modloading-worker-1/WARN] [net.minecraftforge.common.ForgeConfigSpec/CORE]: Incorrect key utility.self-manage was corrected from null to its default, true. 
[02Dec2025 19:41:07.284] [modloading-worker-1/WARN] [net.minecraftforge.common.ForgeConfigSpec/CORE]: Incorrect key utility.create-own-team was corrected from null to its default, false. 
[02Dec2025 19:41:07.284] [modloading-worker-1/WARN] [net.minecraftforge.common.ForgeConfigSpec/CORE]: Incorrect key utility.spawns was corrected from null to its default, SimpleCommentedConfig:{}. 
[02Dec2025 19:41:07.284] [modloading-worker-1/WARN] [net.minecraftforge.common.ForgeConfigSpec/CORE]: Incorrect key utility.spawns.modify-spawns was corrected from null to its default, false. 
[02Dec2025 19:41:07.287] [modloading-worker-1/WARN] [net.minecraftforge.common.ForgeConfigSpec/CORE]: Incorrect key utility.spawns.range was corrected from null to its default, 50. 
[02Dec2025 19:41:07.287] [modloading-worker-1/WARN] [net.minecraftforge.common.ForgeConfigSpec/CORE]: Incorrect key utility.teleports was corrected from null to its default, SimpleCommentedConfig:{}. 
[02Dec2025 19:41:07.287] [modloading-worker-1/WARN] [net.minecraftforge.common.ForgeConfigSpec/CORE]: Incorrect key utility.teleports.home was corrected from null to its default, true. 
[02Dec2025 19:41:07.287] [modloading-worker-1/WARN] [net.minecraftforge.common.ForgeConfigSpec/CORE]: Incorrect key utility.teleports.allow-visits was corrected from null to its default, true. 
[02Dec2025 19:41:07.288] [modloading-worker-1/WARN] [net.minecraftforge.common.ForgeConfigSpec/CORE]: Incorrect key utility.teleports.spawn was corrected from null to its default, true. 
[02Dec2025 19:41:07.588] [modloading-worker-1/INFO] [net.minecraftforge.coremod.CoreMod.astralsorcery/COREMODLOG]: Adding 'reach_set_server_entity_interact' ASM patch...
[02Dec2025 19:41:07.613] [modloading-worker-1/INFO] [net.minecraftforge.coremod.CoreMod.astralsorcery/COREMODLOG]: Added 'reach_set_server_entity_interact' ASM patch!
[02Dec2025 19:41:08.031] [modloading-worker-1/INFO] [com.simibubi.create.repack.registrate.AbstractRegistrate/]: Detected new forge version, registering events reflectively.
[02Dec2025 19:41:11.200] [modloading-worker-0/INFO] [Silent's Gems/]: Detected Silent Gear!
[02Dec2025 19:41:11.249] [modloading-worker-0/INFO] [Silent Gear/PartManager]: Registered part serializer 'silentgear:compound_part'
[02Dec2025 19:41:11.266] [modloading-worker-0/INFO] [Silent Gear/PartManager]: Registered part serializer 'silentgear:misc_upgrade'
[02Dec2025 19:41:11.275] [modloading-worker-0/INFO] [Silent Gear/PartManager]: Registered part serializer 'silentgems:gear_soul'
[02Dec2025 19:41:11.275] [modloading-worker-0/INFO] [Silent's Gems/]: Register part type PartType{name='silentgems:gear_soul'}
[02Dec2025 19:41:11.277] [modloading-worker-0/INFO] [Silent Gear/TraitManager]: Registered serializer 'silentgems:persistence'
[02Dec2025 19:41:11.285] [modloading-worker-0/INFO] [Silent Gear/TraitManager]: Registered serializer 'silentgems:runic'
[02Dec2025 19:41:11.858] [modloading-worker-0/INFO] [mod.chiselsandbits.plugin.PluginManger/]: Found and loaded ChiselsAndBits plugin: create
[02Dec2025 19:41:11.864] [modloading-worker-0/INFO] [mod.chiselsandbits.integration.chiselsandbits.create.CreatePlugin/]: Create Plugin for ChiselsAndBits activated.
[02Dec2025 19:41:21.418] [main/INFO] [Botany Pots/]: Registered 34 Block entries in 4.66ms.
[02Dec2025 19:41:29.793] [main/INFO] [patchouli/]: Loaded book jsons on Thread[main,5,main] in 346 ms
[02Dec2025 19:41:29.935] [main/INFO] [Botany Pots/]: Registered 34 Item entries in 1.17ms.
[02Dec2025 19:41:30.886] [main/INFO] [Bookshelf/]: Registered 11 GlobalLootModifierSerializer entries in 0.55ms.
[02Dec2025 19:41:31.416] [main/INFO] [Botany Pots/]: Registered 1 TileEntityType entries in 0.21ms.
[02Dec2025 19:41:31.728] [main/WARN] [net.minecraftforge.common.ForgeHooks/]: Called deprecated GlobalEntityTypeAttributes#put for silentgems:ender_slime, use EntityAttributeCreationEvent instead.
[02Dec2025 19:41:31.729] [main/WARN] [net.minecraftforge.common.ForgeHooks/]: Called deprecated GlobalEntityTypeAttributes#put for silentgems:corrupted_slime, use EntityAttributeCreationEvent instead.
[02Dec2025 19:41:31.729] [main/WARN] [net.minecraftforge.common.ForgeHooks/]: Called deprecated GlobalEntityTypeAttributes#put for silentgems:chaos_wisp, use EntityAttributeCreationEvent instead.
[02Dec2025 19:41:31.729] [main/WARN] [net.minecraftforge.common.ForgeHooks/]: Called deprecated GlobalEntityTypeAttributes#put for silentgems:fire_wisp, use EntityAttributeCreationEvent instead.
[02Dec2025 19:41:31.729] [main/WARN] [net.minecraftforge.common.ForgeHooks/]: Called deprecated GlobalEntityTypeAttributes#put for silentgems:ice_wisp, use EntityAttributeCreationEvent instead.
[02Dec2025 19:41:31.730] [main/WARN] [net.minecraftforge.common.ForgeHooks/]: Called deprecated GlobalEntityTypeAttributes#put for silentgems:lightning_wisp, use EntityAttributeCreationEvent instead.
[02Dec2025 19:41:31.730] [main/WARN] [net.minecraftforge.common.ForgeHooks/]: Called deprecated GlobalEntityTypeAttributes#put for silentgems:water_wisp, use EntityAttributeCreationEvent instead.
[02Dec2025 19:41:31.752] [main/INFO] [net.minecraftforge.registries.GameData/]: Potentially Dangerous alternative prefix `minecraft` for name `milk`, expected `forge`. This could be a intended override, but in most cases indicates a broken mod.
[02Dec2025 19:41:31.753] [main/INFO] [net.minecraftforge.registries.GameData/]: Potentially Dangerous alternative prefix `minecraft` for name `flowing_milk`, expected `forge`. This could be a intended override, but in most cases indicates a broken mod.
[02Dec2025 19:41:31.944] [main/INFO] [STDOUT/]: [com.hollingsworth.arsnouveau.client.particle.ModParticles:registerParticles:23]: Rendering particles
[02Dec2025 19:41:32.039] [main/INFO] [Bookshelf/]: Registered 22 ingredient serializers.
[02Dec2025 19:41:32.039] [main/INFO] [Bookshelf/]: Registered 5 IRecipeSerializer entries in 0.35ms.
[02Dec2025 19:41:32.448] [main/INFO] [Botany Pots/]: Registered 3 IRecipeSerializer entries in 0.67ms.
[02Dec2025 19:41:33.742] [main/WARN] [net.minecraftforge.common.ForgeConfigSpec/CORE]: Configuration file /workspaces/literate-parakeet/servidor_minecraft/config/skyblockbuilder/config.toml is not correct. Correcting
[02Dec2025 19:41:33.743] [main/WARN] [net.minecraftforge.common.ForgeConfigSpec/CORE]: Incorrect key structures was corrected from null to its default, SimpleCommentedConfig:{}. 
[02Dec2025 19:41:33.743] [main/WARN] [net.minecraftforge.common.ForgeConfigSpec/CORE]: Incorrect key structures.structures was corrected from null to its default, [minecraft:fortress]. 
[02Dec2025 19:41:33.744] [main/WARN] [net.minecraftforge.common.ForgeConfigSpec/CORE]: Incorrect key structures.features was corrected from null to its default, [minecraft:end_spike, minecraft:end_gateway]. 
[02Dec2025 19:41:33.744] [main/WARN] [net.minecraftforge.common.ForgeConfigSpec/CORE]: Incorrect key structures.whitelist-is-blacklist was corrected from null to its default, false. 
[02Dec2025 19:41:33.745] [main/WARN] [net.minecraftforge.common.ForgeConfigSpec/CORE]: Incorrect key dimensions was corrected from null to its default, SimpleCommentedConfig:{}. 
[02Dec2025 19:41:33.745] [main/WARN] [net.minecraftforge.common.ForgeConfigSpec/CORE]: Incorrect key dimensions.nether was corrected from null to its default, SimpleCommentedConfig:{}. 
[02Dec2025 19:41:33.746] [main/WARN] [net.minecraftforge.common.ForgeConfigSpec/CORE]: Incorrect key dimensions.nether.default was corrected from null to its default, false. 
[02Dec2025 19:41:33.746] [main/WARN] [net.minecraftforge.common.ForgeConfigSpec/CORE]: Incorrect key dimensions.end was corrected from null to its default, SimpleCommentedConfig:{}. 
[02Dec2025 19:41:33.746] [main/WARN] [net.minecraftforge.common.ForgeConfigSpec/CORE]: Incorrect key dimensions.end.default was corrected from null to its default, false. 
[02Dec2025 19:41:33.747] [main/WARN] [net.minecraftforge.common.ForgeConfigSpec/CORE]: Incorrect key dimensions.end.main-island was corrected from null to its default, true. 
[02Dec2025 19:41:33.748] [main/WARN] [net.minecraftforge.common.ForgeConfigSpec/CORE]: Incorrect key world was corrected from null to its default, SimpleCommentedConfig:{}. 
[02Dec2025 19:41:33.748] [main/WARN] [net.minecraftforge.common.ForgeConfigSpec/CORE]: Incorrect key world.surface was corrected from null to its default, false. 
[02Dec2025 19:41:33.748] [main/WARN] [net.minecraftforge.common.ForgeConfigSpec/CORE]: Incorrect key world.surface-settings was corrected from null to its default, minecraft:bedrock,2*minecraft:dirt,minecraft:grass_block. 
[02Dec2025 19:41:33.748] [main/WARN] [net.minecraftforge.common.ForgeConfigSpec/CORE]: Incorrect key world.sea-level was corrected from null to its default, 63. 
[02Dec2025 19:41:33.748] [main/WARN] [net.minecraftforge.common.ForgeConfigSpec/CORE]: Incorrect key world.single-biome was corrected from null to its default, SimpleCommentedConfig:{}. 
[02Dec2025 19:41:33.748] [main/WARN] [net.minecraftforge.common.ForgeConfigSpec/CORE]: Incorrect key world.single-biome.enabled was corrected from null to its default, false. 
[02Dec2025 19:41:33.749] [main/WARN] [net.minecraftforge.common.ForgeConfigSpec/CORE]: Incorrect key world.single-biome.biome was corrected from null to its default, minecraft:plains. 
[02Dec2025 19:41:33.749] [main/WARN] [net.minecraftforge.common.ForgeConfigSpec/CORE]: Incorrect key world.island-distance was corrected from null to its default, 8192. 
[02Dec2025 19:41:33.749] [main/WARN] [net.minecraftforge.common.ForgeConfigSpec/CORE]: Incorrect key world.biome-range was corrected from null to its default, 8192. 
[02Dec2025 19:41:33.750] [main/WARN] [net.minecraftforge.common.ForgeConfigSpec/CORE]: Incorrect key spawn was corrected from null to its default, SimpleCommentedConfig:{}. 
[02Dec2025 19:41:33.750] [main/WARN] [net.minecraftforge.common.ForgeConfigSpec/CORE]: Incorrect key spawn.direction was corrected from null to its default, SOUTH. 
[02Dec2025 19:41:33.750] [main/WARN] [net.minecraftforge.common.ForgeConfigSpec/CORE]: Incorrect key spawn.height was corrected from null to its default, 64. 
[02Dec2025 19:41:33.750] [main/WARN] [net.minecraftforge.common.ForgeConfigSpec/CORE]: Incorrect key spawn.radius was corrected from null to its default, 50. 
[02Dec2025 19:41:33.751] [main/WARN] [net.minecraftforge.common.ForgeConfigSpec/CORE]: Incorrect key spawn.dimension was corrected from null to its default, minecraft:overworld. 
[02Dec2025 19:41:33.751] [main/WARN] [net.minecraftforge.common.ForgeConfigSpec/CORE]: Incorrect key inventory was corrected from null to its default, SimpleCommentedConfig:{}. 
[02Dec2025 19:41:33.751] [main/WARN] [net.minecraftforge.common.ForgeConfigSpec/CORE]: Incorrect key inventory.clear was corrected from null to its default, false. 
[02Dec2025 19:41:33.752] [main/WARN] [net.minecraftforge.common.ForgeConfigSpec/CORE]: Incorrect key inventory.drop was corrected from null to its default, true. 
[02Dec2025 19:41:33.753] [main/WARN] [net.minecraftforge.common.ForgeConfigSpec/CORE]: Incorrect key utility was corrected from null to its default, SimpleCommentedConfig:{}. 
[02Dec2025 19:41:33.753] [main/WARN] [net.minecraftforge.common.ForgeConfigSpec/CORE]: Incorrect key utility.self-manage was corrected from null to its default, true. 
[02Dec2025 19:41:33.753] [main/WARN] [net.minecraftforge.common.ForgeConfigSpec/CORE]: Incorrect key utility.create-own-team was corrected from null to its default, false. 
[02Dec2025 19:41:33.754] [main/WARN] [net.minecraftforge.common.ForgeConfigSpec/CORE]: Incorrect key utility.spawns was corrected from null to its default, SimpleCommentedConfig:{}. 
[02Dec2025 19:41:33.754] [main/WARN] [net.minecraftforge.common.ForgeConfigSpec/CORE]: Incorrect key utility.spawns.modify-spawns was corrected from null to its default, false. 
[02Dec2025 19:41:33.754] [main/WARN] [net.minecraftforge.common.ForgeConfigSpec/CORE]: Incorrect key utility.spawns.range was corrected from null to its default, 50. 
[02Dec2025 19:41:33.754] [main/WARN] [net.minecraftforge.common.ForgeConfigSpec/CORE]: Incorrect key utility.teleports was corrected from null to its default, SimpleCommentedConfig:{}. 
[02Dec2025 19:41:33.755] [main/WARN] [net.minecraftforge.common.ForgeConfigSpec/CORE]: Incorrect key utility.teleports.home was corrected from null to its default, true. 
[02Dec2025 19:41:33.755] [main/WARN] [net.minecraftforge.common.ForgeConfigSpec/CORE]: Incorrect key utility.teleports.allow-visits was corrected from null to its default, true. 
[02Dec2025 19:41:33.755] [main/WARN] [net.minecraftforge.common.ForgeConfigSpec/CORE]: Incorrect key utility.teleports.spawn was corrected from null to its default, true. 
[02Dec2025 19:41:33.849] [main/INFO] [quark/]: Loading Module Chain Linkage
[02Dec2025 19:41:33.852] [main/INFO] [quark/]: Loading Module Chains Connect Blocks
[02Dec2025 19:41:33.853] [main/INFO] [quark/]: Loading Module Chute
[02Dec2025 19:41:33.853] [main/INFO] [quark/]: Loading Module Color Slime
[02Dec2025 19:41:33.854] [main/INFO] [quark/]: Loading Module Dispensers Place Blocks
[02Dec2025 19:41:33.854] [main/INFO] [quark/]: Loading Module Ender Watcher
[02Dec2025 19:41:33.855] [main/INFO] [quark/]: Loading Module Endermites Form Shulkers
[02Dec2025 19:41:33.855] [main/INFO] [quark/]: Loading Module Feeding Trough
[02Dec2025 19:41:33.859] [main/INFO] [quark/]: Loading Module Gravisand
[02Dec2025 19:41:33.859] [main/INFO] [quark/]: Loading Module Iron Rod
[02Dec2025 19:41:33.860] [main/INFO] [quark/]: Loading Module Jukebox Automation
[02Dec2025 19:41:33.865] [main/INFO] [quark/]: Loading Module Metal Buttons
[02Dec2025 19:41:33.865] [main/INFO] [quark/]: Loading Module Obsidian Plate
[02Dec2025 19:41:33.866] [main/INFO] [quark/]: Loading Module Pistons Move Tile Entities
[02Dec2025 19:41:33.869] [main/INFO] [quark/]: Loading Module Redstone Circuit
[02Dec2025 19:41:33.869] [main/INFO] [quark/]: Loading Module Weather Sensor
[02Dec2025 19:41:33.870] [main/INFO] [quark/]: Loading Module Bamboo Mat
[02Dec2025 19:41:33.870] [main/INFO] [quark/]: Loading Module Burn Vines
[02Dec2025 19:41:33.873] [main/INFO] [quark/]: Loading Module Celebratory Lamps
[02Dec2025 19:41:33.874] [main/INFO] [quark/]: Loading Module Cobblestone Bricks
[02Dec2025 19:41:33.874] [main/INFO] [quark/]: Loading Module Compressed Blocks
[02Dec2025 19:41:33.875] [main/INFO] [quark/]: Loading Module Duskbound Blocks
[02Dec2025 19:41:33.875] [main/INFO] [quark/]: Loading Module Framed Glass
[02Dec2025 19:41:33.876] [main/INFO] [quark/]: Loading Module Gold Bars
[02Dec2025 19:41:33.876] [main/INFO] [quark/]: Loading Module Grate
[02Dec2025 19:41:33.877] [main/INFO] [quark/]: Loading Module Hedges
[02Dec2025 19:41:33.879] [main/INFO] [quark/]: Loading Module Iron Plates
[02Dec2025 19:41:33.879] [main/INFO] [quark/]: Loading Module Item Frames
[02Dec2025 19:41:33.879] [main/INFO] [quark/]: Loading Module Leaf Carpet
[02Dec2025 19:41:33.879] [main/INFO] [quark/]: Loading Module Lit Lamp
[02Dec2025 19:41:33.879] [main/INFO] [quark/]: Loading Module Midori
[02Dec2025 19:41:33.879] [main/INFO] [quark/]: Loading Module More Brick Types
[02Dec2025 19:41:33.879] [main/INFO] [quark/]: Loading Module More Potted Plants
[02Dec2025 19:41:33.879] [main/INFO] [quark/]: Loading Module More Stone Variants
[02Dec2025 19:41:33.879] [main/INFO] [quark/]: Loading Module Nether Brick Fence Gate
[02Dec2025 19:41:33.879] [main/INFO] [quark/]: Loading Module Paper Decor
[02Dec2025 19:41:33.879] [main/INFO] [quark/]: Loading Module Quilted Wool
[02Dec2025 19:41:33.879] [main/INFO] [quark/]: Loading Module Rope
[02Dec2025 19:41:33.879] [main/INFO] [quark/]: Loading Module Shallow Dirt
[02Dec2025 19:41:33.881] [main/INFO] [quark/]: Loading Module Shingles
[02Dec2025 19:41:33.881] [main/INFO] [quark/]: Loading Module Soul Sandstone
[02Dec2025 19:41:33.881] [main/INFO] [quark/]: Loading Module Stained Planks
[02Dec2025 19:41:33.883] [main/INFO] [quark/]: Loading Module Stools
[02Dec2025 19:41:33.884] [main/INFO] [quark/]: Loading Module Sturdy Stone
[02Dec2025 19:41:33.885] [main/INFO] [quark/]: Loading Module Tallow And Candles
[02Dec2025 19:41:33.886] [main/INFO] [quark/]: Loading Module Thatch
[02Dec2025 19:41:33.886] [main/INFO] [quark/]: Loading Module Tie Leads To Fences
[02Dec2025 19:41:33.887] [main/INFO] [quark/]: Loading Module Turf
[02Dec2025 19:41:33.888] [main/INFO] [quark/]: Loading Module Variant Bookshelves
[02Dec2025 19:41:33.888] [main/INFO] [quark/]: Loading Module Variant Chests
[02Dec2025 19:41:33.894] [main/INFO] [quark/]: Loading Module Variant Ladders
[02Dec2025 19:41:33.894] [main/INFO] [quark/]: Loading Module Vertical Planks
[02Dec2025 19:41:33.897] [main/INFO] [quark/]: Loading Module Vertical Slabs
[02Dec2025 19:41:33.897] [main/INFO] [quark/]: Loading Module Wooden Posts
[02Dec2025 19:41:33.898] [main/INFO] [quark/]: Loading Module Chests In Boats
[02Dec2025 19:41:33.900] [main/INFO] [quark/]: Loading Module Easy Transfering
[02Dec2025 19:41:33.900] [main/INFO] [quark/]: Loading Module Hotbar Changer
[02Dec2025 19:41:33.901] [main/INFO] [quark/]: Loading Module Inventory Sorting
[02Dec2025 19:41:33.901] [main/INFO] [quark/]: Loading Module Item Sharing
[02Dec2025 19:41:33.901] [main/INFO] [quark/]: Loading Module Right Click Armor
[02Dec2025 19:41:33.903] [main/INFO] [quark/]: Loading Module Shulker Box Right Click
[02Dec2025 19:41:33.904] [main/INFO] [quark/]: Loading Module Endermosh Music Disc
[02Dec2025 19:41:33.905] [main/INFO] [quark/]: Loading Module Abacus
[02Dec2025 19:41:33.905] [main/INFO] [quark/]: Loading Module Ambient Discs
[02Dec2025 19:41:33.907] [main/INFO] [quark/]: Loading Module Ancient Tomes
[02Dec2025 19:41:33.908] [main/INFO] [quark/]: Loading Module Bottled Cloud
[02Dec2025 19:41:33.910] [main/INFO] [quark/]: Loading Module Camera
[02Dec2025 19:41:33.911] [main/INFO] [quark/]: Loading Module Color Runes
[02Dec2025 19:41:33.912] [main/INFO] [quark/]: Loading Module Pathfinder Maps
[02Dec2025 19:41:33.915] [main/INFO] [quark/]: Loading Module Pickarang
[02Dec2025 19:41:33.916] [main/INFO] [quark/]: Loading Module Seed Pouch
[02Dec2025 19:41:33.917] [main/INFO] [quark/]: Loading Module Slime In A Bucket
[02Dec2025 19:41:33.918] [main/INFO] [quark/]: Loading Module Trowel
[02Dec2025 19:41:33.918] [main/INFO] [quark/]: Loading Module Skull Pikes
[02Dec2025 19:41:33.919] [main/INFO] [quark/]: Loading Module Armed Armor Stands
[02Dec2025 19:41:33.924] [main/INFO] [quark/]: Loading Module Automatic Recipe Unlock
[02Dec2025 19:41:33.925] [main/INFO] [quark/]: Loading Module Axe Leaf Harvesting
[02Dec2025 19:41:33.927] [main/INFO] [quark/]: Loading Module Better Elytra Rocket
[02Dec2025 19:41:33.929] [main/INFO] [quark/]: Loading Module Campfires Boost Elytra
[02Dec2025 19:41:33.931] [main/INFO] [quark/]: Loading Module Compasses Work Everywhere
[02Dec2025 19:41:33.932] [main/INFO] [quark/]: Loading Module Dirt To Path
[02Dec2025 19:41:33.935] [main/INFO] [quark/]: Loading Module Double Door Opening
[02Dec2025 19:41:33.935] [main/INFO] [quark/]: Loading Module Dragon Scales
[02Dec2025 19:41:33.937] [main/INFO] [quark/]: Loading Module Emotes
[02Dec2025 19:41:33.937] [main/INFO] [quark/]: Loading Module Enhanced Ladders
[02Dec2025 19:41:33.939] [main/INFO] [quark/]: Loading Module Glass Shard
[02Dec2025 19:41:33.942] [main/INFO] [quark/]: Loading Module Hoe Harvesting
[02Dec2025 19:41:33.942] [main/INFO] [quark/]: Loading Module Improved Sleeping
[02Dec2025 19:41:33.944] [main/INFO] [quark/]: Loading Module Infinity Bucket
[02Dec2025 19:41:33.951] [main/INFO] [quark/]: Loading Module Lava Bucket As Trash
[02Dec2025 19:41:33.953] [main/INFO] [quark/]: Loading Module Lock Rotation
[02Dec2025 19:41:33.961] [main/INFO] [quark/]: Loading Module More Banner Layers
[02Dec2025 19:41:33.961] [main/INFO] [quark/]: Loading Module Note Block Mob Sounds
[02Dec2025 19:41:33.962] [main/INFO] [quark/]: Loading Module Pat The Dogs
[02Dec2025 19:41:33.965] [main/INFO] [quark/]: Loading Module Poison Potato Usage
[02Dec2025 19:41:33.967] [main/INFO] [quark/]: Loading Module Reacharound Placing
[02Dec2025 19:41:33.969] [main/INFO] [quark/]: Loading Module Replace Scaffolding
[02Dec2025 19:41:33.971] [main/INFO] [quark/]: Loading Module Sign Editing
[02Dec2025 19:41:33.972] [main/INFO] [quark/]: Loading Module Simple Harvest
[02Dec2025 19:41:33.974] [main/INFO] [quark/]: Loading Module Snow Golem Player Heads
[02Dec2025 19:41:33.975] [main/INFO] [quark/]: Loading Module Springy Slime
[02Dec2025 19:41:33.976] [main/INFO] [quark/]: Loading Module Utility Recipes
[02Dec2025 19:41:33.978] [main/INFO] [quark/]: Loading Module Villagers Follow Emeralds
[02Dec2025 19:41:33.980] [main/INFO] [quark/]: Loading Module Big Dungeon
[02Dec2025 19:41:33.983] [main/INFO] [quark/]: Loading Module Big Stone Clusters
[02Dec2025 19:41:33.986] [main/INFO] [quark/]: Loading Module Biotite
[02Dec2025 19:41:33.987] [main/INFO] [quark/]: Loading Module Blossom Trees
[02Dec2025 19:41:33.987] [main/INFO] [quark/]: Loading Module Cave Roots
[02Dec2025 19:41:33.988] [main/INFO] [quark/]: Loading Module Chorus Vegetation
[02Dec2025 19:41:33.988] [main/INFO] [quark/]: Loading Module Crevices
[02Dec2025 19:41:33.988] [main/INFO] [quark/]: Loading Module Deepslate
[02Dec2025 19:41:33.988] [main/INFO] [quark/]: Loading Module Fairy Rings
[02Dec2025 19:41:33.989] [main/INFO] [quark/]: Loading Module Mega Caves
[02Dec2025 19:41:33.989] [main/INFO] [quark/]: Loading Module Monster Box
[02Dec2025 19:41:33.991] [main/INFO] [quark/]: Loading Module Nether Obsidian Spikes
[02Dec2025 19:41:33.991] [main/INFO] [quark/]: Loading Module New Stone Types
[02Dec2025 19:41:33.993] [main/INFO] [quark/]: Loading Module Realistic World Gen
[02Dec2025 19:41:33.995] [main/INFO] [quark/]: Loading Module Speleothems
[02Dec2025 19:41:33.996] [main/INFO] [quark/]: Loading Module Spiral Spires
[02Dec2025 19:41:33.997] [main/INFO] [quark/]: Loading Module Underground Clay
[02Dec2025 19:41:34.000] [main/INFO] [quark/]: Loading Module Brimstone Underground Biome
[02Dec2025 19:41:34.000] [main/INFO] [quark/]: Loading Module Cave Crystal Underground Biome
[02Dec2025 19:41:34.000] [main/INFO] [quark/]: Loading Module Elder Prismarine Underground Biome
[02Dec2025 19:41:34.000] [main/INFO] [quark/]: Loading Module Glowshroom Underground Biome
[02Dec2025 19:41:34.001] [main/INFO] [quark/]: Loading Module Lush Underground Biome
[02Dec2025 19:41:34.001] [main/INFO] [quark/]: Loading Module Overgrown Underground Biome
[02Dec2025 19:41:34.002] [main/INFO] [quark/]: Loading Module Permafrost Underground Biome
[02Dec2025 19:41:34.002] [main/INFO] [quark/]: Loading Module Sandstone Underground Biome
[02Dec2025 19:41:34.002] [main/INFO] [quark/]: Loading Module Slime Underground Biome
[02Dec2025 19:41:34.002] [main/INFO] [quark/]: Loading Module Spider Nest Underground Biome
[02Dec2025 19:41:34.005] [main/INFO] [quark/]: Loading Module Crabs
[02Dec2025 19:41:34.008] [main/INFO] [quark/]: Loading Module Forgotten
[02Dec2025 19:41:34.011] [main/INFO] [quark/]: Loading Module Foxhound
[02Dec2025 19:41:34.011] [main/INFO] [quark/]: Loading Module Frogs
[02Dec2025 19:41:34.016] [main/INFO] [quark/]: Loading Module Stonelings
[02Dec2025 19:41:34.018] [main/INFO] [quark/]: Loading Module Toretoise
[02Dec2025 19:41:34.018] [main/INFO] [quark/]: Loading Module Wraith
[02Dec2025 19:41:34.018] [main/INFO] [quark/]: Loading Module Auto Walk Keybind
[02Dec2025 19:41:34.018] [main/INFO] [quark/]: Loading Module Back Button Keybind
[02Dec2025 19:41:34.019] [main/INFO] [quark/]: Loading Module Chest Searching
[02Dec2025 19:41:34.019] [main/INFO] [quark/]: Loading Module Greener Grass
[02Dec2025 19:41:34.020] [main/INFO] [quark/]: Loading Module Improved Mount Hud
[02Dec2025 19:41:34.020] [main/INFO] [quark/]: Loading Module Improved Tooltips
[02Dec2025 19:41:34.020] [main/INFO] [quark/]: Loading Module Usage Ticker
[02Dec2025 19:41:34.021] [main/INFO] [quark/]: Loading Module Variant Animal Textures
[02Dec2025 19:41:34.021] [main/INFO] [quark/]: Loading Module Backpack
[02Dec2025 19:41:34.021] [main/INFO] [quark/]: Loading Module Crate
[02Dec2025 19:41:34.021] [main/INFO] [quark/]: Loading Module Magnets
[02Dec2025 19:41:34.022] [main/INFO] [quark/]: Loading Module Matrix Enchanting
[02Dec2025 19:41:34.022] [main/INFO] [quark/]: Loading Module Pipes
[02Dec2025 19:41:34.022] [main/INFO] [quark/]: Loading Module Totem Of Holding
[02Dec2025 19:41:34.023] [main/INFO] [quark/]: Loading Module Adjustable Chat
[02Dec2025 19:41:34.023] [main/INFO] [quark/]: Loading Module Custom Underground Biome
[02Dec2025 19:41:34.023] [main/INFO] [quark/]: Loading Module Game Nerfs
[02Dec2025 19:41:34.024] [main/INFO] [quark/]: Loading Module Microcrafting Helper
[02Dec2025 19:41:34.024] [main/INFO] [quark/]: Loading Module Narrator Readout
[02Dec2025 19:41:34.024] [main/INFO] [quark/]: Loading Module Overlay Shader
[02Dec2025 19:41:34.024] [main/INFO] [quark/]: Loading Module Pallet
[02Dec2025 19:41:34.025] [main/INFO] [quark/]: Loading Module Shiba
[02Dec2025 19:41:34.091] [modloading-worker-0/INFO] [Bookshelf/]: Registering 3 command argument types.
[02Dec2025 19:41:34.092] [modloading-worker-0/INFO] [Bookshelf/]: Registering 13 loot conditions.
[02Dec2025 19:41:34.137] [modloading-worker-0/INFO] [Mekanism/]: Loaded 'Mekanism Generators' module.
[02Dec2025 19:41:34.183] [modloading-worker-0/INFO] [info.partonetrain.managear.ManaGear/]: ManaGear Installed -  Please ensure you downloaded from CurseForge!
[02Dec2025 19:41:34.449] [modloading-worker-2/INFO] [mod.pianomanu.blockcarpentry.BlockCarpentryMain/]: Setting up BlockCarpentry mod
[02Dec2025 19:41:34.685] [AstralSorcery Patreon Effect Loader/WARN] [Astral Sorcery/]: Skipped 1 patreon effects during loading due to malformed data!
[02Dec2025 19:41:34.699] [AstralSorcery Patreon Effect Loader/INFO] [Astral Sorcery/]: Patreon effect loading finished.
[02Dec2025 19:41:34.720] [modloading-worker-1/INFO] [Mekanism/]: Version 10.1.2 initializing...
[02Dec2025 19:41:34.744] [modloading-worker-2/INFO] [STDOUT/]: [com.hollingsworth.arsnouveau.common.capability.ManaCapability:register:62]: Finished Registering ManaCapability
[02Dec2025 19:41:34.749] [modloading-worker-2/INFO] [STDOUT/]: [com.hollingsworth.arsnouveau.api.familiar.FamiliarCap:register:97]: Finished Registering FamiliarCap
[02Dec2025 19:41:34.761] [modloading-worker-2/INFO] [STDOUT/]: [com.hollingsworth.arsnouveau.common.network.Networking:registerMessages:27]: Registering packets!!
[02Dec2025 19:41:34.879] [Forge Version Check/INFO] [net.minecraftforge.fml.VersionChecker/]: [mcwwindows] Starting version check at https://raw.githubusercontent.com/sketchmacaw/macawsmods/master/window.json
[02Dec2025 19:41:34.892] [modloading-worker-1/INFO] [Mekanism/]: Fake player readout: UUID = 46e82cd0-d480-3d48-800a-77431ede078e, name = [Mekanism]
[02Dec2025 19:41:34.892] [modloading-worker-1/INFO] [Mekanism/]: Loading complete.
[02Dec2025 19:41:34.893] [modloading-worker-1/INFO] [Mekanism/]: Mod loaded.
[02Dec2025 19:41:34.915] [Immersive Engineering Contributors Thread/INFO] [immersiveengineering/]: Attempting to download special revolvers from GitHub
[02Dec2025 19:41:34.974] [Forge Version Check/INFO] [net.minecraftforge.fml.VersionChecker/]: [mcwwindows] Found status: OUTDATED Current: 2.1.1 Target: 2.4.0
[02Dec2025 19:41:34.974] [Forge Version Check/INFO] [net.minecraftforge.fml.VersionChecker/]: [bookshelf] Starting version check at https://updates.blamejared.com/get?n=bookshelf&gv=1.16.5
[02Dec2025 19:41:35.212] [modloading-worker-3/INFO] [com.jaquadro.minecraft.storagedrawers.StorageDrawers/]: New compacting rule 4 clay_ball = 1 clay
[02Dec2025 19:41:35.213] [modloading-worker-3/INFO] [com.jaquadro.minecraft.storagedrawers.StorageDrawers/]: New compacting rule 4 snowball = 1 snow_block
[02Dec2025 19:41:35.216] [modloading-worker-3/INFO] [com.jaquadro.minecraft.storagedrawers.StorageDrawers/]: New compacting rule 4 glowstone_dust = 1 glowstone
[02Dec2025 19:41:35.216] [modloading-worker-3/INFO] [com.jaquadro.minecraft.storagedrawers.StorageDrawers/]: New compacting rule 4 brick = 1 bricks
[02Dec2025 19:41:35.216] [modloading-worker-3/INFO] [com.jaquadro.minecraft.storagedrawers.StorageDrawers/]: New compacting rule 4 nether_brick = 1 nether_bricks
[02Dec2025 19:41:35.216] [modloading-worker-3/INFO] [com.jaquadro.minecraft.storagedrawers.StorageDrawers/]: New compacting rule 9 nether_wart = 1 nether_wart_block
[02Dec2025 19:41:35.216] [modloading-worker-3/INFO] [com.jaquadro.minecraft.storagedrawers.StorageDrawers/]: New compacting rule 4 quartz = 1 quartz_block
[02Dec2025 19:41:35.216] [modloading-worker-3/INFO] [com.jaquadro.minecraft.storagedrawers.StorageDrawers/]: New compacting rule 9 melon_slice = 1 melon
[02Dec2025 19:41:35.217] [modloading-worker-3/INFO] [com.jaquadro.minecraft.storagedrawers.StorageDrawers/]: New compacting rule 4 sand = 1 sandstone
[02Dec2025 19:41:35.217] [modloading-worker-3/INFO] [com.jaquadro.minecraft.storagedrawers.StorageDrawers/]: New compacting rule 4 red_sand = 1 red_sandstone
[02Dec2025 19:41:35.217] [modloading-worker-3/INFO] [com.jaquadro.minecraft.storagedrawers.StorageDrawers/]: New compacting rule 4 clay_ball = 1 clay
[02Dec2025 19:41:35.235] [modloading-worker-3/INFO] [mod.chiselsandbits.integration.chiselsandbits.create.CreatePlugin/]: Registering movement override handler.
[02Dec2025 19:41:35.263] [modloading-worker-1/WARN] [net.minecraftforge.common.ForgeHooks/]: Called deprecated GlobalEntityTypeAttributes#put for quark:wrapped, use EntityAttributeCreationEvent instead.
[02Dec2025 19:41:35.272] [modloading-worker-3/INFO] [mod.chiselsandbits.integration.chiselsandbits.create.CreatePlugin/]: Registering movement behaviours.
[02Dec2025 19:41:35.332] [modloading-worker-1/WARN] [net.minecraftforge.common.ForgeHooks/]: Called deprecated GlobalEntityTypeAttributes#put for quark:stoneling, use EntityAttributeCreationEvent instead.
[02Dec2025 19:41:35.361] [modloading-worker-1/WARN] [net.minecraftforge.common.ForgeHooks/]: Called deprecated GlobalEntityTypeAttributes#put for quark:foxhound, use EntityAttributeCreationEvent instead.
[02Dec2025 19:41:35.363] [modloading-worker-1/WARN] [net.minecraftforge.common.ForgeHooks/]: Called deprecated GlobalEntityTypeAttributes#put for quark:forgotten, use EntityAttributeCreationEvent instead.
[02Dec2025 19:41:35.370] [modloading-worker-1/WARN] [net.minecraftforge.common.ForgeHooks/]: Called deprecated GlobalEntityTypeAttributes#put for quark:toretoise, use EntityAttributeCreationEvent instead.
[02Dec2025 19:41:35.375] [modloading-worker-1/WARN] [net.minecraftforge.common.ForgeHooks/]: Called deprecated GlobalEntityTypeAttributes#put for quark:crab, use EntityAttributeCreationEvent instead.
[02Dec2025 19:41:35.375] [modloading-worker-1/WARN] [net.minecraftforge.common.ForgeHooks/]: Called deprecated GlobalEntityTypeAttributes#put for quark:frog, use EntityAttributeCreationEvent instead.
[02Dec2025 19:41:35.375] [modloading-worker-1/WARN] [net.minecraftforge.common.ForgeHooks/]: Called deprecated GlobalEntityTypeAttributes#put for quark:shiba, use EntityAttributeCreationEvent instead.
[02Dec2025 19:41:35.375] [modloading-worker-1/WARN] [net.minecraftforge.common.ForgeHooks/]: Called deprecated GlobalEntityTypeAttributes#put for quark:wraith, use EntityAttributeCreationEvent instead.
[02Dec2025 19:41:35.376] [modloading-worker-1/WARN] [net.minecraftforge.common.ForgeHooks/]: Called deprecated GlobalEntityTypeAttributes#put for quark:leash_knot_fake, use EntityAttributeCreationEvent instead.
[02Dec2025 19:41:35.450] [Forge Version Check/INFO] [net.minecraftforge.fml.VersionChecker/]: [bookshelf] Found status: BETA Current: 10.4.33 Target: 10.4.33
[02Dec2025 19:41:35.450] [Forge Version Check/INFO] [net.minecraftforge.fml.VersionChecker/]: [refinedstorage] Starting version check at https://refinedmods.com/refined-storage/update.json
[02Dec2025 19:41:35.471] [main/INFO] [STDOUT/]: [elucent.eidolon.Registry:addBrewingRecipes:402]: calling addBrewingRecipes
[02Dec2025 19:41:35.477] [main/WARN] [net.minecraftforge.common.ForgeHooks/]: Called deprecated GlobalEntityTypeAttributes#put for eidolon:zombie_brute, use EntityAttributeCreationEvent instead.
[02Dec2025 19:41:35.477] [main/WARN] [net.minecraftforge.common.ForgeHooks/]: Called deprecated GlobalEntityTypeAttributes#put for eidolon:wraith, use EntityAttributeCreationEvent instead.
[02Dec2025 19:41:35.477] [main/WARN] [net.minecraftforge.common.ForgeHooks/]: Called deprecated GlobalEntityTypeAttributes#put for eidolon:necromancer, use EntityAttributeCreationEvent instead.
[02Dec2025 19:41:35.530] [Forge Version Check/WARN] [net.minecraftforge.fml.VersionChecker/]: Failed to process update information
java.io.FileNotFoundException: https://refinedmods.com/refined-storage/update.json
	at jdk.internal.reflect.NativeConstructorAccessorImpl.newInstance0(Native Method) ~[?:?]
	at jdk.internal.reflect.NativeConstructorAccessorImpl.newInstance(NativeConstructorAccessorImpl.java:62) ~[?:?]
	at jdk.internal.reflect.DelegatingConstructorAccessorImpl.newInstance(DelegatingConstructorAccessorImpl.java:45) ~[?:?]
	at java.lang.reflect.Constructor.newInstance(Constructor.java:490) ~[?:?]
	at sun.net.www.protocol.http.HttpURLConnection$10.run(HttpURLConnection.java:2019) ~[?:?]
	at sun.net.www.protocol.http.HttpURLConnection$10.run(HttpURLConnection.java:2014) ~[?:?]
	at java.security.AccessController.doPrivileged(Native Method) ~[?:?]
	at sun.net.www.protocol.http.HttpURLConnection.getChainedException(HttpURLConnection.java:2013) ~[?:?]
	at sun.net.www.protocol.http.HttpURLConnection.getInputStream0(HttpURLConnection.java:1575) ~[?:?]
	at sun.net.www.protocol.http.HttpURLConnection.getInputStream(HttpURLConnection.java:1559) ~[?:?]
	at sun.net.www.protocol.https.HttpsURLConnectionImpl.getInputStream(HttpsURLConnectionImpl.java:250) ~[?:?]
	at net.minecraftforge.fml.VersionChecker$1.openUrlString(VersionChecker.java:177) ~[forge:?]
	at net.minecraftforge.fml.VersionChecker$1.process(VersionChecker.java:201) ~[forge:?]
	at java.lang.Iterable.forEach(Iterable.java:75) [?:?]
	at net.minecraftforge.fml.VersionChecker$1.run(VersionChecker.java:142) [forge:?]
Caused by: java.io.FileNotFoundException: https://refinedmods.com/refined-storage/update.json
	at sun.net.www.protocol.http.HttpURLConnection.getInputStream0(HttpURLConnection.java:1959) ~[?:?]
	at sun.net.www.protocol.http.HttpURLConnection.getInputStream(HttpURLConnection.java:1559) ~[?:?]
	at java.net.HttpURLConnection.getResponseCode(HttpURLConnection.java:527) ~[?:?]
	at sun.net.www.protocol.https.HttpsURLConnectionImpl.getResponseCode(HttpsURLConnectionImpl.java:334) ~[?:?]
	at net.minecraftforge.fml.VersionChecker$1.openUrlString(VersionChecker.java:159) ~[forge:?]
	... 3 more
[02Dec2025 19:41:35.545] [Forge Version Check/INFO] [net.minecraftforge.fml.VersionChecker/]: [mcwbridges] Starting version check at https://raw.githubusercontent.com/sketchmacaw/macawsmods/master/bridges.json
[02Dec2025 19:41:35.558] [Forge Version Check/INFO] [net.minecraftforge.fml.VersionChecker/]: [mcwbridges] Found status: OUTDATED Current: 2.1.0 Target: 3.1.0
[02Dec2025 19:41:35.559] [Forge Version Check/INFO] [net.minecraftforge.fml.VersionChecker/]: [silentgear] Starting version check at https://raw.githubusercontent.com/SilentChaos512/Silent-Gear/1.16.x/update.json
[02Dec2025 19:41:35.574] [Forge Version Check/INFO] [net.minecraftforge.fml.VersionChecker/]: [silentgear] Found status: OUTDATED Current: 2.6.30 Target: 2.6.36
[02Dec2025 19:41:35.575] [Forge Version Check/INFO] [net.minecraftforge.fml.VersionChecker/]: [gamestages] Starting version check at https://updates.blamejared.com/get?n=gamestages&gv=1.16.5
[02Dec2025 19:41:35.614] [main/WARN] [net.minecraftforge.common.ForgeHooks/]: Called deprecated GlobalEntityTypeAttributes#put for productivebees:dye_bee, use EntityAttributeCreationEvent instead.
[02Dec2025 19:41:35.614] [main/WARN] [net.minecraftforge.common.ForgeHooks/]: Called deprecated GlobalEntityTypeAttributes#put for productivebees:lumber_bee, use EntityAttributeCreationEvent instead.
[02Dec2025 19:41:35.614] [main/WARN] [net.minecraftforge.common.ForgeHooks/]: Called deprecated GlobalEntityTypeAttributes#put for productivebees:quarry_bee, use EntityAttributeCreationEvent instead.
[02Dec2025 19:41:35.614] [main/WARN] [net.minecraftforge.common.ForgeHooks/]: Called deprecated GlobalEntityTypeAttributes#put for productivebees:rancher_bee, use EntityAttributeCreationEvent instead.
[02Dec2025 19:41:35.614] [main/WARN] [net.minecraftforge.common.ForgeHooks/]: Called deprecated GlobalEntityTypeAttributes#put for productivebees:collector_bee, use EntityAttributeCreationEvent instead.
[02Dec2025 19:41:35.614] [main/WARN] [net.minecraftforge.common.ForgeHooks/]: Called deprecated GlobalEntityTypeAttributes#put for productivebees:hoarder_bee, use EntityAttributeCreationEvent instead.
[02Dec2025 19:41:35.614] [main/WARN] [net.minecraftforge.common.ForgeHooks/]: Called deprecated GlobalEntityTypeAttributes#put for productivebees:farmer_bee, use EntityAttributeCreationEvent instead.
[02Dec2025 19:41:35.614] [main/WARN] [net.minecraftforge.common.ForgeHooks/]: Called deprecated GlobalEntityTypeAttributes#put for productivebees:creeper_bee, use EntityAttributeCreationEvent instead.
[02Dec2025 19:41:35.615] [main/WARN] [net.minecraftforge.common.ForgeHooks/]: Called deprecated GlobalEntityTypeAttributes#put for productivebees:cupid_bee, use EntityAttributeCreationEvent instead.
[02Dec2025 19:41:35.615] [main/WARN] [net.minecraftforge.common.ForgeHooks/]: Called deprecated GlobalEntityTypeAttributes#put for productivebees:configurable_bee, use EntityAttributeCreationEvent instead.
[02Dec2025 19:41:35.615] [main/WARN] [net.minecraftforge.common.ForgeHooks/]: Called deprecated GlobalEntityTypeAttributes#put for productivebees:ashy_mining_bee, use EntityAttributeCreationEvent instead.
[02Dec2025 19:41:35.615] [main/WARN] [net.minecraftforge.common.ForgeHooks/]: Called deprecated GlobalEntityTypeAttributes#put for productivebees:blue_banded_bee, use EntityAttributeCreationEvent instead.
[02Dec2025 19:41:35.615] [main/WARN] [net.minecraftforge.common.ForgeHooks/]: Called deprecated GlobalEntityTypeAttributes#put for productivebees:green_carpenter_bee, use EntityAttributeCreationEvent instead.
[02Dec2025 19:41:35.616] [main/WARN] [net.minecraftforge.common.ForgeHooks/]: Called deprecated GlobalEntityTypeAttributes#put for productivebees:yellow_black_carpenter_bee, use EntityAttributeCreationEvent instead.
[02Dec2025 19:41:35.616] [main/WARN] [net.minecraftforge.common.ForgeHooks/]: Called deprecated GlobalEntityTypeAttributes#put for productivebees:chocolate_mining_bee, use EntityAttributeCreationEvent instead.
[02Dec2025 19:41:35.616] [main/WARN] [net.minecraftforge.common.ForgeHooks/]: Called deprecated GlobalEntityTypeAttributes#put for productivebees:digger_bee, use EntityAttributeCreationEvent instead.
[02Dec2025 19:41:35.616] [main/WARN] [net.minecraftforge.common.ForgeHooks/]: Called deprecated GlobalEntityTypeAttributes#put for productivebees:leafcutter_bee, use EntityAttributeCreationEvent instead.
[02Dec2025 19:41:35.616] [main/WARN] [net.minecraftforge.common.ForgeHooks/]: Called deprecated GlobalEntityTypeAttributes#put for productivebees:mason_bee, use EntityAttributeCreationEvent instead.
[02Dec2025 19:41:35.616] [main/WARN] [net.minecraftforge.common.ForgeHooks/]: Called deprecated GlobalEntityTypeAttributes#put for productivebees:neon_cuckoo_bee, use EntityAttributeCreationEvent instead.
[02Dec2025 19:41:35.616] [main/WARN] [net.minecraftforge.common.ForgeHooks/]: Called deprecated GlobalEntityTypeAttributes#put for productivebees:nomad_bee, use EntityAttributeCreationEvent instead.
[02Dec2025 19:41:35.616] [main/WARN] [net.minecraftforge.common.ForgeHooks/]: Called deprecated GlobalEntityTypeAttributes#put for productivebees:reed_bee, use EntityAttributeCreationEvent instead.
[02Dec2025 19:41:35.616] [main/WARN] [net.minecraftforge.common.ForgeHooks/]: Called deprecated GlobalEntityTypeAttributes#put for productivebees:resin_bee, use EntityAttributeCreationEvent instead.
[02Dec2025 19:41:35.616] [main/WARN] [net.minecraftforge.common.ForgeHooks/]: Called deprecated GlobalEntityTypeAttributes#put for productivebees:sweaty_bee, use EntityAttributeCreationEvent instead.
[02Dec2025 19:41:35.616] [main/WARN] [net.minecraftforge.common.ForgeHooks/]: Called deprecated GlobalEntityTypeAttributes#put for productivebees:bumble_bee, use EntityAttributeCreationEvent instead.
[02Dec2025 19:41:35.617] [main/WARN] [net.minecraftforge.common.ForgeHooks/]: Called deprecated GlobalEntityTypeAttributes#put for productivebees:blue_banded_bee, use EntityAttributeCreationEvent instead.
[02Dec2025 19:41:35.675] [Forge Version Check/INFO] [net.minecraftforge.fml.VersionChecker/]: [gamestages] Found status: BETA Current: 7.3.14 Target: 7.3.14
[02Dec2025 19:41:35.677] [Forge Version Check/INFO] [net.minecraftforge.fml.VersionChecker/]: [extrastorage] Starting version check at https://raw.githubusercontent.com/Edivad99/mod-version-controll/master/extrastorage_update.json
[02Dec2025 19:41:35.692] [Forge Version Check/INFO] [net.minecraftforge.fml.VersionChecker/]: [extrastorage] Found status: UP_TO_DATE Current: 1.6.1 Target: null
[02Dec2025 19:41:35.692] [Forge Version Check/INFO] [net.minecraftforge.fml.VersionChecker/]: [productivebees] Starting version check at https://raw.githubusercontent.com/JDKDigital/productive-bees/dev-1.16.5/versions.json
[02Dec2025 19:41:35.713] [Forge Version Check/INFO] [net.minecraftforge.fml.VersionChecker/]: [productivebees] Found status: AHEAD Current: 1.16.5-0.6.9.28 Target: null
[02Dec2025 19:41:35.713] [Forge Version Check/INFO] [net.minecraftforge.fml.VersionChecker/]: [fastleafdecay] Starting version check at http://olafkeijsers.net/fastleafdecay-update.json
[02Dec2025 19:41:36.005] [Forge Version Check/WARN] [net.minecraftforge.fml.VersionChecker/]: Failed to process update information
java.lang.NullPointerException: null
	at net.minecraftforge.fml.VersionChecker$1.openUrlString(VersionChecker.java:174) ~[forge:?]
	at net.minecraftforge.fml.VersionChecker$1.process(VersionChecker.java:201) ~[forge:?]
	at java.lang.Iterable.forEach(Iterable.java:75) [?:?]
	at net.minecraftforge.fml.VersionChecker$1.run(VersionChecker.java:142) [forge:?]
[02Dec2025 19:41:36.006] [Forge Version Check/INFO] [net.minecraftforge.fml.VersionChecker/]: [configured] Starting version check at https://mrcrayfish.com/modupdatejson?id=configured
[02Dec2025 19:41:36.159] [Forge Version Check/WARN] [net.minecraftforge.fml.VersionChecker/]: Failed to process update information
java.io.IOException: Server returned HTTP response code: 403 for URL: https://mrcrayfish.com/modupdatejson?id=configured
	at jdk.internal.reflect.NativeConstructorAccessorImpl.newInstance0(Native Method) ~[?:?]
	at jdk.internal.reflect.NativeConstructorAccessorImpl.newInstance(NativeConstructorAccessorImpl.java:62) ~[?:?]
	at jdk.internal.reflect.DelegatingConstructorAccessorImpl.newInstance(DelegatingConstructorAccessorImpl.java:45) ~[?:?]
	at java.lang.reflect.Constructor.newInstance(Constructor.java:490) ~[?:?]
	at sun.net.www.protocol.http.HttpURLConnection$10.run(HttpURLConnection.java:2019) ~[?:?]
	at sun.net.www.protocol.http.HttpURLConnection$10.run(HttpURLConnection.java:2014) ~[?:?]
	at java.security.AccessController.doPrivileged(Native Method) ~[?:?]
	at sun.net.www.protocol.http.HttpURLConnection.getChainedException(HttpURLConnection.java:2013) ~[?:?]
	at sun.net.www.protocol.http.HttpURLConnection.getInputStream0(HttpURLConnection.java:1575) ~[?:?]
	at sun.net.www.protocol.http.HttpURLConnection.getInputStream(HttpURLConnection.java:1559) ~[?:?]
	at sun.net.www.protocol.https.HttpsURLConnectionImpl.getInputStream(HttpsURLConnectionImpl.java:250) ~[?:?]
	at net.minecraftforge.fml.VersionChecker$1.openUrlString(VersionChecker.java:177) ~[forge:?]
	at net.minecraftforge.fml.VersionChecker$1.process(VersionChecker.java:201) ~[forge:?]
	at java.lang.Iterable.forEach(Iterable.java:75) [?:?]
	at net.minecraftforge.fml.VersionChecker$1.run(VersionChecker.java:142) [forge:?]
Caused by: java.io.IOException: Server returned HTTP response code: 403 for URL: https://mrcrayfish.com/modupdatejson?id=configured
	at sun.net.www.protocol.http.HttpURLConnection.getInputStream0(HttpURLConnection.java:1963) ~[?:?]
	at sun.net.www.protocol.http.HttpURLConnection.getInputStream(HttpURLConnection.java:1559) ~[?:?]
	at java.net.HttpURLConnection.getResponseCode(HttpURLConnection.java:527) ~[?:?]
	at sun.net.www.protocol.https.HttpsURLConnectionImpl.getResponseCode(HttpsURLConnectionImpl.java:334) ~[?:?]
	at net.minecraftforge.fml.VersionChecker$1.openUrlString(VersionChecker.java:159) ~[forge:?]
	... 3 more
[02Dec2025 19:41:36.168] [Forge Version Check/INFO] [net.minecraftforge.fml.VersionChecker/]: [botanypots] Starting version check at https://updates.blamejared.com/get?n=botanypots&gv=1.16.5
[02Dec2025 19:41:36.263] [Forge Version Check/INFO] [net.minecraftforge.fml.VersionChecker/]: [botanypots] Found status: BETA Current: 7.1.41 Target: 7.1.41
[02Dec2025 19:41:36.264] [Forge Version Check/INFO] [net.minecraftforge.fml.VersionChecker/]: [botanytrees] Starting version check at https://updates.blamejared.com/get?n=botanytrees&gv=1.16.5
[02Dec2025 19:41:36.360] [Forge Version Check/INFO] [net.minecraftforge.fml.VersionChecker/]: [botanytrees] Found status: BETA_OUTDATED Current: 3.0.10 Target: 3.0.13
[02Dec2025 19:41:36.362] [Forge Version Check/INFO] [net.minecraftforge.fml.VersionChecker/]: [charginggadgets] Starting version check at https://raw.githubusercontent.com/Direwolf20-MC/ChargingGadgets/master/update.json
[02Dec2025 19:41:36.371] [Forge Version Check/INFO] [net.minecraftforge.fml.VersionChecker/]: [charginggadgets] Found status: BETA Current: 1.3.0 Target: null
[02Dec2025 19:41:36.374] [Forge Version Check/INFO] [net.minecraftforge.fml.VersionChecker/]: [forge] Starting version check at https://files.minecraftforge.net/net/minecraftforge/forge/promotions_slim.json
[02Dec2025 19:41:36.585] [modloading-worker-1/INFO] [mod.pianomanu.blockcarpentry.BlockCarpentryMain/]: Processing InterModCommunication
[02Dec2025 19:41:36.586] [modloading-worker-1/INFO] [mod.pianomanu.blockcarpentry.BlockCarpentryMain/]: Processed InterModCommunication
[02Dec2025 19:41:36.677] [modloading-worker-2/INFO] [Waila/]: Registered plugin at mcp.mobius.waila.addons.minecraft.PluginMinecraft
[02Dec2025 19:41:36.690] [modloading-worker-2/INFO] [Waila/]: Registered plugin at cy.jdkdigital.productivebees.integrations.hwyla.ProductiveBeesHwylaPlugin
[02Dec2025 19:41:36.706] [modloading-worker-2/INFO] [Waila/]: Registered plugin at mekanism.common.integration.lookingat.hwyla.MekanismHwylaPlugin
[02Dec2025 19:41:36.714] [modloading-worker-2/INFO] [Waila/]: Registered plugin at net.darkhax.botanypots.addons.hwyla.BotanyPotsHwylaPlugin
[02Dec2025 19:41:36.729] [modloading-worker-2/INFO] [Waila/]: Registered plugin at com.blakebr0.mysticalagriculture.compat.HwylaCompat
[02Dec2025 19:41:36.746] [modloading-worker-2/INFO] [Waila/]: Registered plugin at blusunrize.immersiveengineering.common.util.compat.jade.IEWailaPlugin
[02Dec2025 19:41:36.748] [modloading-worker-2/INFO] [Waila/]: Registered plugin at de.maxhenkel.gravestone.integration.waila.PluginGraveStone
[02Dec2025 19:41:36.758] [Forge Version Check/INFO] [net.minecraftforge.fml.VersionChecker/]: [forge] Found status: UP_TO_DATE Current: 36.2.34 Target: null
[02Dec2025 19:41:36.758] [Forge Version Check/INFO] [net.minecraftforge.fml.VersionChecker/]: [zerocore] Starting version check at https://raw.githubusercontent.com/ZeroNoRyouki/ZeroCore2/master/update.json
[02Dec2025 19:41:36.762] [modloading-worker-2/INFO] [Waila/]: Registered plugin at com.jaquadro.minecraft.storagedrawers.integration.Waila
[02Dec2025 19:41:36.774] [Forge Version Check/WARN] [net.minecraftforge.fml.VersionChecker/]: Failed to process update information
java.lang.NullPointerException: null
	at net.minecraftforge.fml.VersionChecker$1.openUrlString(VersionChecker.java:174) ~[forge:?]
	at net.minecraftforge.fml.VersionChecker$1.process(VersionChecker.java:201) ~[forge:?]
	at java.lang.Iterable.forEach(Iterable.java:75) [?:?]
	at net.minecraftforge.fml.VersionChecker$1.run(VersionChecker.java:142) [forge:?]
[02Dec2025 19:41:36.775] [Forge Version Check/INFO] [net.minecraftforge.fml.VersionChecker/]: [bigreactors] Starting version check at https://raw.githubusercontent.com/ZeroNoRyouki/ExtremeReactors2/master/update.json
[02Dec2025 19:41:36.775] [modloading-worker-2/INFO] [Waila/]: Registered plugin at net.silentchaos512.gems.compat.hwyla.GemsHwylaPlugin
[02Dec2025 19:41:36.803] [Forge Version Check/WARN] [net.minecraftforge.fml.VersionChecker/]: Failed to process update information
java.lang.NullPointerException: null
	at net.minecraftforge.fml.VersionChecker$1.openUrlString(VersionChecker.java:174) ~[forge:?]
	at net.minecraftforge.fml.VersionChecker$1.process(VersionChecker.java:201) ~[forge:?]
	at java.lang.Iterable.forEach(Iterable.java:75) [?:?]
	at net.minecraftforge.fml.VersionChecker$1.run(VersionChecker.java:142) [forge:?]
[02Dec2025 19:41:36.804] [Forge Version Check/INFO] [net.minecraftforge.fml.VersionChecker/]: [mousetweaks] Starting version check at http://play.sourceruns.org/yalter/MouseTweaks/update.json
[02Dec2025 19:41:37.834] [Forge Version Check/WARN] [net.minecraftforge.fml.VersionChecker/]: Failed to process update information
java.lang.NullPointerException: null
	at net.minecraftforge.fml.VersionChecker$1.openUrlString(VersionChecker.java:174) ~[forge:?]
	at net.minecraftforge.fml.VersionChecker$1.process(VersionChecker.java:201) ~[forge:?]
	at java.lang.Iterable.forEach(Iterable.java:75) [?:?]
	at net.minecraftforge.fml.VersionChecker$1.run(VersionChecker.java:142) [forge:?]
[02Dec2025 19:41:37.836] [Forge Version Check/INFO] [net.minecraftforge.fml.VersionChecker/]: [immersiveengineering] Starting version check at https://raw.githubusercontent.com/BluSunrize/ImmersiveEngineering/1.16.5/changelog.json
[02Dec2025 19:41:38.032] [Forge Version Check/INFO] [net.minecraftforge.fml.VersionChecker/]: [immersiveengineering] Found status: UP_TO_DATE Current: 1.16.5-5.1.0-148 Target: null
[02Dec2025 19:41:38.033] [Forge Version Check/INFO] [net.minecraftforge.fml.VersionChecker/]: [silentlib] Starting version check at https://raw.githubusercontent.com/SilentChaos512/SilentLib/1.14/update.json
[02Dec2025 19:41:38.044] [Forge Version Check/INFO] [net.minecraftforge.fml.VersionChecker/]: [silentlib] Found status: BETA Current: 4.9.6 Target: null
[02Dec2025 19:41:38.044] [Forge Version Check/INFO] [net.minecraftforge.fml.VersionChecker/]: [skyblockbuilder] Starting version check at https://raw.githubusercontent.com/MelanX/mod-updatechecker-files/master/skyblockbuilder.json
[02Dec2025 19:41:38.082] [Forge Version Check/INFO] [net.minecraftforge.fml.VersionChecker/]: [skyblockbuilder] Found status: BETA Current: 1.16.4-1.6.15 Target: 1.5.4
[02Dec2025 19:41:38.082] [Forge Version Check/INFO] [net.minecraftforge.fml.VersionChecker/]: [jeiintegration] Starting version check at https://cdn.snowshock35.com/mods/jei-integration/update.json
[02Dec2025 19:41:38.251] [Forge Version Check/WARN] [net.minecraftforge.fml.VersionChecker/]: Failed to process update information
java.lang.NullPointerException: null
	at net.minecraftforge.fml.VersionChecker$1.openUrlString(VersionChecker.java:174) ~[forge:?]
	at net.minecraftforge.fml.VersionChecker$1.process(VersionChecker.java:201) ~[forge:?]
	at java.lang.Iterable.forEach(Iterable.java:75) [?:?]
	at net.minecraftforge.fml.VersionChecker$1.run(VersionChecker.java:142) [forge:?]
[02Dec2025 19:41:38.252] [Forge Version Check/INFO] [net.minecraftforge.fml.VersionChecker/]: [gravestone] Starting version check at https://maxhenkel.de/update/gravestone.json
[02Dec2025 19:41:39.206] [Forge Version Check/WARN] [net.minecraftforge.fml.VersionChecker/]: Failed to process update information
java.lang.NullPointerException: null
	at net.minecraftforge.fml.VersionChecker$1.openUrlString(VersionChecker.java:174) ~[forge:?]
	at net.minecraftforge.fml.VersionChecker$1.process(VersionChecker.java:201) ~[forge:?]
	at java.lang.Iterable.forEach(Iterable.java:75) [?:?]
	at net.minecraftforge.fml.VersionChecker$1.run(VersionChecker.java:142) [forge:?]
[02Dec2025 19:41:39.207] [Forge Version Check/INFO] [net.minecraftforge.fml.VersionChecker/]: [silentgems] Starting version check at https://raw.githubusercontent.com/SilentChaos512/SilentGems/1.16.x/update.json
[02Dec2025 19:41:39.294] [Forge Version Check/INFO] [net.minecraftforge.fml.VersionChecker/]: [silentgems] Found status: BETA Current: 3.7.16 Target: null
[02Dec2025 19:41:51.187] [main/ERROR] [net.minecraft.util.registry.WorldSettingsImport/]: Error adding element: Base value out of range: 256 [-10-128]
[02Dec2025 19:41:51.780] [main/INFO] [com.mojang.authlib.yggdrasil.YggdrasilAuthenticationService/]: Environment: authHost='https://authserver.mojang.com', accountsHost='https://api.mojang.com', sessionHost='https://sessionserver.mojang.com', servicesHost='https://api.minecraftservices.com', name='PROD'
[02Dec2025 19:41:52.465] [main/WARN] [net.minecraft.command.Commands/]: Ambiguity between arguments [botania-skyblock, regen-island, player] and [botania-skyblock, regen-island, playerUuid] with inputs: [dd12be42-52a9-4a91-a8a1-11c01849e498]
[02Dec2025 19:41:52.471] [main/WARN] [net.minecraft.command.Commands/]: Ambiguity between arguments [botania-skyblock, visit, player] and [botania-skyblock, visit, playerUuid] with inputs: [dd12be42-52a9-4a91-a8a1-11c01849e498]
[02Dec2025 19:41:52.475] [main/WARN] [net.minecraft.command.Commands/]: Ambiguity between arguments [c, coupling, add, cart1] and [c, coupling, add, carts] with inputs: [Player, 0123, @e, dd12be42-52a9-4a91-a8a1-11c01849e498]
[02Dec2025 19:41:52.476] [main/WARN] [net.minecraft.command.Commands/]: Ambiguity between arguments [c, coupling, add, carts] and [c, coupling, add, cart1] with inputs: [Player, 0123, dd12be42-52a9-4a91-a8a1-11c01849e498]
[02Dec2025 19:41:52.478] [main/WARN] [net.minecraft.command.Commands/]: Ambiguity between arguments [c, coupling, add, cart1] and [c, coupling, add, carts] with inputs: [Player, 0123, @e, dd12be42-52a9-4a91-a8a1-11c01849e498]
[02Dec2025 19:41:52.479] [main/WARN] [net.minecraft.command.Commands/]: Ambiguity between arguments [c, coupling, add, carts] and [c, coupling, add, cart1] with inputs: [Player, 0123, dd12be42-52a9-4a91-a8a1-11c01849e498]
[02Dec2025 19:41:52.483] [main/WARN] [net.minecraft.command.Commands/]: Ambiguity between arguments [ftbchunks, admin, view_loaded_chunks, reset] and [ftbchunks, admin, view_loaded_chunks, dimension] with inputs: [reset]
[02Dec2025 19:41:52.484] [main/WARN] [net.minecraft.command.Commands/]: Ambiguity between arguments [ftbteams, info, server_id] and [ftbteams, info, team] with inputs: [server_id]
[02Dec2025 19:41:52.486] [main/WARN] [net.minecraft.command.Commands/]: Ambiguity between arguments [gamestage, check, stage] and [gamestage, check, targets] with inputs: [stage, stage_name]
[02Dec2025 19:41:52.487] [main/WARN] [net.minecraft.command.Commands/]: Ambiguity between arguments [gamestage, check, targets] and [gamestage, check, stage] with inputs: [Player, 0123, dd12be42-52a9-4a91-a8a1-11c01849e498]
[02Dec2025 19:41:52.492] [main/WARN] [net.minecraft.command.Commands/]: Ambiguity between arguments [sg_chaos, get, world] and [sg_chaos, get, targets] with inputs: [world]
[02Dec2025 19:41:52.493] [main/WARN] [net.minecraft.command.Commands/]: Ambiguity between arguments [sg_chaos, set, world] and [sg_chaos, set, targets] with inputs: [world]
[02Dec2025 19:41:52.498] [main/WARN] [net.minecraft.command.Commands/]: Ambiguity between arguments [teleport, destination] and [teleport, targets] with inputs: [Player, 0123, @e, dd12be42-52a9-4a91-a8a1-11c01849e498]
[02Dec2025 19:41:52.500] [main/WARN] [net.minecraft.command.Commands/]: Ambiguity between arguments [teleport, location] and [teleport, destination] with inputs: [0.1 -0.5 .9, 0 0 0]
[02Dec2025 19:41:52.502] [main/WARN] [net.minecraft.command.Commands/]: Ambiguity between arguments [teleport, location] and [teleport, targets] with inputs: [0.1 -0.5 .9, 0 0 0]
[02Dec2025 19:41:52.503] [main/WARN] [net.minecraft.command.Commands/]: Ambiguity between arguments [teleport, targets] and [teleport, destination] with inputs: [Player, 0123, dd12be42-52a9-4a91-a8a1-11c01849e498]
[02Dec2025 19:41:52.505] [main/WARN] [net.minecraft.command.Commands/]: Ambiguity between arguments [teleport, targets, location] and [teleport, targets, destination] with inputs: [0.1 -0.5 .9, 0 0 0]
[02Dec2025 19:41:52.525] [main/INFO] [mod.chiselsandbits.reloading.DataReloadingResourceManager/]: Setting up data reloading resource manager.
[02Dec2025 19:41:52.707] [main/INFO] [KubeJS Server/]: Loaded script server_scripts:astralsorcery.js in 0.003 s
[02Dec2025 19:41:52.709] [main/INFO] [KubeJS Server/]: Loaded script server_scripts:recipes_bees_eggs.js in 0.002 s
[02Dec2025 19:41:52.714] [main/INFO] [KubeJS Server/]: Loaded script server_scripts:script.js in 0.005 s
[02Dec2025 19:41:52.717] [main/INFO] [KubeJS Server/]: Loaded script server_scripts:create.js in 0.002 s
[02Dec2025 19:41:52.731] [main/INFO] [KubeJS Server/]: Loaded script server_scripts:recipes.js in 0.013 s
[02Dec2025 19:41:52.738] [main/INFO] [KubeJS Server/]: Loaded script server_scripts:bees.js in 0.006 s
[02Dec2025 19:41:52.742] [main/INFO] [KubeJS Server/]: Loaded script server_scripts:mystical_agriculture.js in 0.003 s
[02Dec2025 19:41:52.747] [main/INFO] [KubeJS Server/]: Loaded script server_scripts:ftb_quests.js in 0.005 s
[02Dec2025 19:41:52.761] [main/INFO] [KubeJS Server/]: Loaded script server_scripts:botany_pots.js in 0.014 s
[02Dec2025 19:41:52.763] [main/INFO] [KubeJS Server/]: Loaded script server_scripts:arsnouveau.js in 0.001 s
[02Dec2025 19:41:52.763] [main/INFO] [KubeJS Server/]: Loaded 10/10 KubeJS server scripts in 0.081 s
[02Dec2025 19:41:52.774] [main/INFO] [KubeJS Server/]: Scripts loaded
[02Dec2025 19:41:52.782] [main/INFO] [KubeJS/]: Registered custom recipe handler for type kubejs:shaped
[02Dec2025 19:41:52.783] [main/INFO] [KubeJS/]: Registered custom recipe handler for type kubejs:shapeless
[02Dec2025 19:41:52.783] [main/INFO] [KubeJS/]: Registered custom recipe handler for type minecraft:crafting_shaped
[02Dec2025 19:41:52.783] [main/INFO] [KubeJS/]: Registered custom recipe handler for type minecraft:crafting_shapeless
[02Dec2025 19:41:52.784] [main/INFO] [KubeJS/]: Registered custom recipe handler for type minecraft:stonecutting
[02Dec2025 19:41:52.785] [main/INFO] [KubeJS/]: Registered custom recipe handler for type minecraft:smelting
[02Dec2025 19:41:52.785] [main/INFO] [KubeJS/]: Registered custom recipe handler for type minecraft:blasting
[02Dec2025 19:41:52.786] [main/INFO] [KubeJS/]: Registered custom recipe handler for type minecraft:smoking
[02Dec2025 19:41:52.786] [main/INFO] [KubeJS/]: Registered custom recipe handler for type minecraft:campfire_cooking
[02Dec2025 19:41:52.787] [main/INFO] [KubeJS/]: Registered custom recipe handler for type minecraft:smithing
[02Dec2025 19:41:52.787] [main/INFO] [KubeJS/]: Registered custom recipe handler for type cucumber:shaped_no_mirror
[02Dec2025 19:41:52.787] [main/INFO] [KubeJS/]: Registered custom recipe handler for type mysticalagriculture:tag
[02Dec2025 19:41:52.788] [main/INFO] [KubeJS/]: Registered custom recipe handler for type botanypots:crop
[02Dec2025 19:41:52.789] [main/INFO] [KubeJS/]: Registered custom recipe handler for type botania:runic_altar
[02Dec2025 19:41:52.790] [main/INFO] [KubeJS/]: Registered custom recipe handler for type ars_nouveau:enchanting_apparatus
[02Dec2025 19:41:52.791] [main/INFO] [KubeJS/]: Registered custom recipe handler for type ars_nouveau:enchantment
[02Dec2025 19:41:52.792] [main/INFO] [KubeJS/]: Registered custom recipe handler for type ars_nouveau:glyph_recipe
[02Dec2025 19:41:52.797] [main/INFO] [KubeJS Server/]: Scanning recipes...
[02Dec2025 19:41:52.804] [main/INFO] [net.minecraft.resources.SimpleReloadableResourceManager/]: Reloading ResourceManager: KubeJS Virtual Data Pack [low priority], Default, astralsorcery-1.16.5-1.14.1.jar, supermartijn642configlib-1.1.7-forge-mc1.16.jar, endportalrecipe_1.16.5-2.5.jar, mcw-windows-2.1.1-mc1.16.5forge.jar, InsaneLib-1.4.2-mc1.16.5.jar, CTM-MC1.16.1-1.1.2.6.jar, Placebo-1.16.5-4.7.1.jar, Bookshelf-Forge-1.16.5-10.4.33.jar, buildinggadgets-1.16.5-3.8.4-build.25+mc1.16.5.jar, ForgivingVoid_1.16.5-5.2.1.jar, ProgressiveBosses-3.4.3-mc1.16.5.jar, MekanismGenerators-1.16.5-10.1.2.457.jar, Hwyla-forge-1.10.11-B78_1.16.2.jar, carryon-1.16.5-1.15.6.24.jar, JustEnoughResources-1.16.5-0.12.2.216.jar, XNetGases-1.16.5-2.3.10.jar, refinedstorage-1.9.18.jar, RSInfinityBooster-1.16.5-1.1+13.jar, mcw-bridges-2.1.0-mc1.16.5forge.jar, FarmersDelight-1.16.5-0.6.0.jar, randomlib-1.16.x-1.0.0.jar, silent-gear-1.16.5-2.6.30.jar, supermartijn642corelib-1.1.12-forge-mc1.16.jar, simplylight-1.16.5-1.4.2-build.32.jar, Botania-1.16.5-420.3.jar, managear-1.16.3-2.2.3.jar, gardenofglass-1.7.jar, portality-1.16.5-3.2.5.jar, curios-forge-1.16.5-4.1.0.0.jar, eidolon-0.2.7.jar, Patchouli-1.16.4-53.3.jar, GameStages-Forge-1.16.5-7.3.14.jar, collective-1.16.5-5.49.jar, blockcarpentry-1.16-0.4.1.jar, elevatorid-1.16.5-1.7.13.jar, oneblock-1.16.x-1.7.1.jar, ExtraStorage-1.16.5-1.6.1.jar, architectury-1.32.68.jar, AI-Improvements-1.16.5-0.5.0.jar, weirdinggadget-1.16.(2-4)-2.2.7.jar, observerlib-1.16.5-1.5.3.jar, productivebees-1.16.5-0.6.9.28.jar, light-overlay-5.8.1.jar, cloth-config-4.17.101-forge.jar, trashcans-1.0.18-forge-mc1.16.jar, the_bumblezone_forge-3.2.1+1.16.5.jar, FastLeafDecay-v25.2.jar, geckolib-forge-1.16.5-3.0.106.jar, rhino-forge-1605.1.5-build.75.jar, Cucumber-1.16.5-4.1.12.jar, ftb-library-forge-1605.3.4-build.90.jar, ftb-teams-forge-1605.2.3-build.40.jar, jei-1.16.5-7.8.0.1009.jar, item-filters-forge-1605.2.5-build.9.jar, controlled_random-1.1.0.jar, abnormals_core-1.16.5-3.3.1.jar, buzzier_bees-1.16.5-3.0.3.jar, Mekanism-1.16.5-10.1.2.457.jar, shutupexperimentalsettings-1.0.3.jar, configured-1.5.4-1.16.5.jar, LibX-1.16.3-1.0.76.jar, decorative_blocks-1.16.4-1.7.2.jar, BotanyPots-1.16.5-7.1.41.jar, BotanyTrees-1.16.5-3.0.10.jar, charginggadgets-1.3.0.jar, TimeIsUp-1.16-1.5.3.jar, filteredchests-1.0.2.jar, TinyMobFarm-1.16.5-1.1.2.jar, mcjtylib-1.16-5.1.8.jar, rftoolsbase-1.16-2.1.5.jar, xnet-1.16-3.0.17.jar, questsadditions-1.16-1.4.2.jar, ars_nouveau-1.16.5-1.25.10.jar, ftb-chunks-forge-1605.3.4-build.220.jar, kubejs-forge-1605.3.19-build.299.jar, forge-1.16.5-36.2.34-universal.jar, endergetic-1.16.5-3.0.2.jar, MysticalAgriculture-1.16.5-4.2.6.jar, ironchest-1.16.5-11.2.21.jar, ZeroCore2-1.16.5-2.1.35.jar, ExtremeReactors2-1.16.5-2.0.64.jar, TConstruct-1.16.5-3.3.4.335.jar, MouseTweaks-2.14-mc1.16.2.jar, titanium-1.16.5-3.2.8.7-22.jar, ftb-quests-forge-1605.3.7-build.165.jar, ImmersiveEngineering-1.16.5-5.1.0-148.jar, silent-lib-1.16.3-4.9.6.jar, SkyblockBuilder-1.16.4-1.6.15.jar, movingelevators-1.4.3-forge-mc1.16.jar, rftoolsbuilder-1.16-3.1.11.jar, jeiintegration_1.16.5-7.1.0.22.jar, flywheel-1.16-0.2.5.jar, create-mc1.16.5_v0.3.2g.jar, Mantle-1.16.5-1.6.157.jar, gravestone-1.16.5-1.0.7.jar, ftb-backups-2.1.2.2.jar, FastWorkbench-1.16.5-4.6.2.jar, polymorph-forge-1.16.5-0.41.jar, JustEnoughProfessions-1.16.5-1.2.2.jar, AutoRegLib-1.6-49.jar, Quark-r2.4-322.jar, StorageDrawers-1.16.3-8.5.2.jar, FastFurnace-1.16.5-4.5.0.jar, appleskin-forge-mc1.16.x-2.4.0.jar, Aquaculture-1.16.5-2.1.23.jar, SilentGems-1.16.3-3.7.16.jar, chiselsandbits-1.0.63.jar, KubeJS Resource Pack [data], KubeJS Virtual Data Pack [high priority]
[02Dec2025 19:41:56.006] [Worker-Main-4/INFO] [KubeJS Server/]: [blocks] Found 764 tags, added 56 objects, removed 0 objects
[02Dec2025 19:41:56.007] [Worker-Main-4/INFO] [KubeJS Server/]: [blocks] Found 764 tags, added 0 objects, removed 0 objects
[02Dec2025 19:41:56.022] [Worker-Main-4/INFO] [KubeJS Server/]: [items] Found 1465 tags, added 0 objects, removed 9 objects
[02Dec2025 19:41:56.024] [Worker-Main-4/INFO] [KubeJS Server/]: [items] Found 1465 tags, added 0 objects, removed 0 objects
[02Dec2025 19:41:56.032] [Worker-Main-4/INFO] [KubeJS Server/]: [fluids] Found 141 tags, added 0 objects, removed 0 objects
[02Dec2025 19:41:56.033] [Worker-Main-4/INFO] [KubeJS Server/]: [fluids] Found 141 tags, added 0 objects, removed 0 objects
[02Dec2025 19:41:56.033] [Worker-Main-4/INFO] [KubeJS Server/]: [entity_types] Found 37 tags, added 0 objects, removed 0 objects
[02Dec2025 19:41:56.034] [Worker-Main-4/INFO] [KubeJS Server/]: [entity_types] Found 37 tags, added 0 objects, removed 0 objects
[02Dec2025 19:41:56.034] [Worker-Main-4/INFO] [KubeJS Server/]: [potions] Found 0 tags, added 0 objects, removed 0 objects
[02Dec2025 19:41:56.034] [Worker-Main-4/INFO] [KubeJS Server/]: [potions] Found 0 tags, added 0 objects, removed 0 objects
[02Dec2025 19:41:56.034] [Worker-Main-4/INFO] [KubeJS Server/]: [pigments] Found 0 tags, added 0 objects, removed 0 objects
[02Dec2025 19:41:56.034] [Worker-Main-4/INFO] [KubeJS Server/]: [pigments] Found 0 tags, added 0 objects, removed 0 objects
[02Dec2025 19:41:56.034] [Worker-Main-4/INFO] [KubeJS Server/]: [enchantments] Found 0 tags, added 0 objects, removed 0 objects
[02Dec2025 19:41:56.035] [Worker-Main-4/INFO] [KubeJS Server/]: [enchantments] Found 0 tags, added 0 objects, removed 0 objects
[02Dec2025 19:41:56.035] [Worker-Main-4/INFO] [KubeJS Server/]: [tile_entity_types] Found 4 tags, added 0 objects, removed 0 objects
[02Dec2025 19:41:56.035] [Worker-Main-4/INFO] [KubeJS Server/]: [tile_entity_types] Found 4 tags, added 0 objects, removed 0 objects
[02Dec2025 19:41:56.035] [Worker-Main-4/INFO] [KubeJS Server/]: [slurries] Found 2 tags, added 0 objects, removed 0 objects
[02Dec2025 19:41:56.035] [Worker-Main-4/INFO] [KubeJS Server/]: [slurries] Found 2 tags, added 0 objects, removed 0 objects
[02Dec2025 19:41:56.035] [Worker-Main-4/INFO] [KubeJS Server/]: [infuse_types] Found 8 tags, added 0 objects, removed 0 objects
[02Dec2025 19:41:56.035] [Worker-Main-4/INFO] [KubeJS Server/]: [infuse_types] Found 8 tags, added 0 objects, removed 0 objects
[02Dec2025 19:41:56.035] [Worker-Main-4/INFO] [KubeJS Server/]: [gases] Found 5 tags, added 0 objects, removed 0 objects
[02Dec2025 19:41:56.036] [Worker-Main-4/INFO] [KubeJS Server/]: [gases] Found 5 tags, added 0 objects, removed 0 objects
[02Dec2025 19:41:56.053] [Worker-Main-4/INFO] [com.minecraftabnormals.abnormals_core.core.AbnormalsCore/]: Loot Modification Manager has loaded 0 sets of modifiers
[02Dec2025 19:41:56.788] [Worker-Main-4/WARN] [KubeJS Server/]: Failed to parse recipe 'productivebees:forestry/centrifuge/honey_comb[forestry:centrifuge]'! Falling back to vanilla: java.lang.NullPointerException: Unknown recipe type: forestry:centrifuge
[02Dec2025 19:41:56.789] [Worker-Main-4/WARN] [KubeJS Server/]: Failed to parse recipe productivebees:forestry/centrifuge/honey_comb[forestry:centrifuge]: com.google.gson.JsonSyntaxException: Invalid or unsupported recipe type 'forestry:centrifuge'
[02Dec2025 19:41:56.861] [Worker-Main-4/WARN] [KubeJS Server/]: Failed to parse recipe 'farmersdelight:integration/silentgear/cutting/netherwood[farmersdelight:cutting]'! Falling back to vanilla: com.google.gson.JsonSyntaxException: Unknown ingredient type: axe
[02Dec2025 19:41:56.862] [Worker-Main-4/WARN] [KubeJS Server/]: Failed to parse recipe farmersdelight:integration/silentgear/cutting/netherwood[farmersdelight:cutting]: com.google.gson.JsonSyntaxException: Unknown ingredient type: axe
[02Dec2025 19:41:56.886] [Worker-Main-4/WARN] [KubeJS Server/]: Failed to parse recipe 'mysticalagriculture:essence/chisel/marble[cucumber:shaped_no_mirror]'! Falling back to vanilla: com.google.gson.JsonSyntaxException: Unknown item 'chisel:marble/raw'
[02Dec2025 19:41:56.887] [Worker-Main-4/WARN] [KubeJS Server/]: Failed to parse recipe mysticalagriculture:essence/chisel/marble[cucumber:shaped_no_mirror]: com.google.gson.JsonSyntaxException: Unknown item 'chisel:marble/raw'
[02Dec2025 19:41:56.955] [Worker-Main-4/INFO] [KubeJS Server/]: Found 14066 recipes and 0 failed recipes in 901.7 ms
[02Dec2025 19:41:57.183] [Worker-Main-4/INFO] [KubeJS Server/]: Posted recipe events in 227.4 ms
[02Dec2025 19:41:57.510] [Worker-Main-4/INFO] [KubeJS Server/]: Modified & removed recipes in 327.6 ms
[02Dec2025 19:41:57.527] [Worker-Main-4/INFO] [KubeJS Server/]: Added recipes in 16.69 ms
[02Dec2025 19:41:57.528] [Worker-Main-4/INFO] [KubeJS Server/]: Added 78 recipes, removed 21 recipes, modified 4 recipes, with 0 failed recipes and 0 fall-backed recipes
[02Dec2025 19:41:57.626] [Worker-Main-4/INFO] [com.minecraftabnormals.abnormals_core.core.AbnormalsCore/]: Advancement Modification Manager has loaded 6 sets of modifiers
[02Dec2025 19:41:57.939] [Worker-Main-4/INFO] [Silent's Gems/]: Add gems to loot table minecraft:chests/jungle_temple (2 rolls)
[02Dec2025 19:41:57.956] [Worker-Main-4/INFO] [Silent's Gems/]: Add gems to loot table minecraft:chests/end_city_treasure (2 rolls)
[02Dec2025 19:41:57.997] [Worker-Main-4/INFO] [Silent's Gems/]: Add 'rare' items to loot table minecraft:chests/village/village_temple
[02Dec2025 19:41:58.010] [Worker-Main-4/INFO] [Silent Gear/]: Injecting loot table 'silentgear:inject/chests/ruined_portal' into 'minecraft:chests/ruined_portal'
[02Dec2025 19:41:58.067] [Worker-Main-4/INFO] [Silent's Gems/]: Add gems to loot table minecraft:chests/abandoned_mineshaft (2 rolls)
[02Dec2025 19:41:58.079] [Worker-Main-4/INFO] [Silent's Gems/]: Add 'rare' items to loot table minecraft:chests/stronghold_corridor
[02Dec2025 19:41:58.128] [Worker-Main-4/INFO] [Silent's Gems/]: Add gems to loot table minecraft:chests/buried_treasure (4 rolls)
[02Dec2025 19:41:58.180] [Worker-Main-4/INFO] [Silent Gear/]: Injecting loot table 'silentgear:inject/chests/bastion_bridge' into 'minecraft:chests/bastion_bridge'
[02Dec2025 19:41:58.192] [Worker-Main-4/INFO] [Silent's Gems/]: Add 'rare' items to loot table minecraft:chests/pillager_outpost
[02Dec2025 19:41:58.266] [Worker-Main-4/INFO] [Silent's Gems/]: Add gems to loot table minecraft:chests/woodland_mansion (4 rolls)
[02Dec2025 19:41:58.291] [Worker-Main-4/INFO] [Silent Gear/]: Injecting loot table 'silentgear:inject/chests/bastion_treasure' into 'minecraft:chests/bastion_treasure'
[02Dec2025 19:41:58.350] [Worker-Main-4/INFO] [Silent Gear/]: Injecting loot table 'silentgear:inject/chests/nether_bridge' into 'minecraft:chests/nether_bridge'
[02Dec2025 19:41:58.350] [Worker-Main-4/INFO] [Silent's Gems/]: Add 'rare' items to loot table minecraft:chests/nether_bridge
[02Dec2025 19:41:58.460] [Worker-Main-4/INFO] [Silent Gear/]: Injecting loot table 'silentgear:inject/entities/spider' into 'minecraft:entities/spider'
[02Dec2025 19:41:58.570] [Worker-Main-4/INFO] [Silent's Gems/]: Add gems to loot table minecraft:chests/simple_dungeon (3 rolls)
[02Dec2025 19:41:58.571] [Worker-Main-4/INFO] [Silent's Gems/]: Add 'rare' items to loot table minecraft:chests/simple_dungeon
[02Dec2025 19:41:58.634] [Worker-Main-4/INFO] [Silent's Gems/]: Add gems to loot table minecraft:chests/stronghold_crossing (4 rolls)
[02Dec2025 19:41:58.634] [Worker-Main-4/INFO] [Silent's Gems/]: Add 'rare' items to loot table minecraft:chests/stronghold_crossing
[02Dec2025 19:41:58.655] [Worker-Main-4/INFO] [Silent's Gems/]: Add gems to loot table minecraft:chests/shipwreck_treasure (2 rolls)
[02Dec2025 19:41:58.703] [Worker-Main-4/INFO] [Silent Gear/]: Injecting loot table 'silentgear:inject/entities/cave_spider' into 'minecraft:entities/cave_spider'
[02Dec2025 19:41:58.720] [Worker-Main-4/INFO] [Silent's Gems/]: Add gems to loot table minecraft:chests/desert_pyramid (3 rolls)
[02Dec2025 19:41:58.823] [Worker-Main-4/INFO] [Silent Gear/]: Injecting loot table 'silentgear:inject/chests/bastion_other' into 'minecraft:chests/bastion_other'
[02Dec2025 19:41:58.866] [Worker-Main-4/INFO] [placebo/]: Registered 0 additional loot tables.
[02Dec2025 19:41:58.866] [Worker-Main-4/INFO] [KubeJS Server/]: [functions] Found 0 tags, added 0 objects, removed 0 objects
[02Dec2025 19:41:58.867] [Worker-Main-4/INFO] [KubeJS Server/]: [functions] Found 0 tags, added 0 objects, removed 0 objects
[02Dec2025 19:41:59.054] [Worker-Main-4/INFO] [net.minecraft.advancements.AdvancementList/]: Loaded 4701 advancements
[02Dec2025 19:41:59.061] [Worker-Main-4/INFO] [placebo/]: Registered 0 additional recipes.
[02Dec2025 19:41:59.090] [Worker-Main-4/INFO] [Astral Sorcery/]: Built PerkTree with 417 perks!
[02Dec2025 19:41:59.189] [Worker-Main-4/INFO] [Silent Gear/TraitManager]: Reloading trait files
[02Dec2025 19:41:59.209] [Worker-Main-4/INFO] [Silent Gear/TraitManager]: Registered 96 traits
[02Dec2025 19:41:59.322] [Worker-Main-4/INFO] [Silent Gear/PartManager]: Reloading part files
[02Dec2025 19:41:59.337] [Worker-Main-4/INFO] [Silent Gear/PartManager]: Registered 46 parts
[02Dec2025 19:41:59.384] [Worker-Main-4/INFO] [Silent Gear/MaterialManager]: Reloading material files
[02Dec2025 19:41:59.390] [Worker-Main-4/INFO] [Silent Gear/MaterialManager]: Registered material serializer 'silentgear:standard'
[02Dec2025 19:41:59.391] [Worker-Main-4/INFO] [Silent Gear/MaterialManager]: Registered material serializer 'silentgear:compound'
[02Dec2025 19:41:59.392] [Worker-Main-4/INFO] [Silent Gear/MaterialManager]: Registered material serializer 'silentgear:custom_compound'
[02Dec2025 19:41:59.393] [Worker-Main-4/INFO] [Silent Gear/MaterialManager]: Registered material serializer 'silentgear:crafted'
[02Dec2025 19:41:59.444] [Worker-Main-4/INFO] [Silent Gear/]: Skipped loading 14 material(s), as their conditions were not met. This is usually NOT an error!
[02Dec2025 19:41:59.444] [Worker-Main-4/INFO] [Silent Gear/]: Skipped materials: silentgear:aluminum_steel, silentgems:amazonite, silentgear:bismuth, silentgear:bismuth_brass, silentgear:bismuth_steel, silentgear:compressed_iron, silentgear:enderium, silentgear:invar, silentgear:lumium, silentgear:platinum, silentgear:redstone_alloy, silentgear:refined_iron, silentgear:signalum, silentgear:titanium
[02Dec2025 19:41:59.880] [Worker-Main-4/INFO] [immersiveengineering/]: Finished recipe profiler for Arc Recycling, took 351 milliseconds
[02Dec2025 19:42:00.092] [Worker-Main-4/INFO] [Silent's Gems/ChaosBuffManager]: Reloading chaos buff files
[02Dec2025 19:42:00.111] [Worker-Main-4/INFO] [Silent's Gems/ChaosBuffManager]: Finished! Registered 15 chaos buffs
[02Dec2025 19:42:00.111] [Worker-Main-4/INFO] [mod.chiselsandbits.reloading.DataReloadingResourceManager/]: Resetting common caches
[02Dec2025 19:42:00.112] [Worker-Main-4/INFO] [Cucumber Library/]: Loaded cucumber-tags.json in 0 ms
[02Dec2025 19:42:00.122] [Worker-Main-4/INFO] [slimeknights.tconstruct.library.materials.definition.MaterialManager/]: Loaded 69 materials in 10.065194 ms
[02Dec2025 19:42:00.186] [Worker-Main-4/INFO] [slimeknights.tconstruct.library.materials.stats.MaterialStatsManager/]: 143 stats loaded for 72 materials in 63.155807 ms
[02Dec2025 19:42:00.246] [Worker-Main-4/INFO] [slimeknights.tconstruct.library.materials.traits.MaterialTraitsManager/]: 57 traits loaded for 68 materials in 59.742233 ms
[02Dec2025 19:42:00.290] [Worker-Main-4/INFO] [slimeknights.tconstruct.library.tools.layout.StationSlotLayoutLoader/]: Loaded 15 station slot layouts in 37.980465 ms
[02Dec2025 19:42:00.347] [Worker-Main-4/INFO] [immersiveengineering/]: Recipes for potions: minecraft:long_water_breathing, buzzier_bees:unluck, minecraft:harming, quark:long_danger_sight, minecraft:strong_slowness, minecraft:healing, minecraft:swiftness, ars_nouveau:spell_damage, minecraft:strong_poison, minecraft:long_leaping, quark:resistance, minecraft:luck, quark:strong_resilience, minecraft:strong_leaping, minecraft:long_slow_falling, minecraft:long_night_vision, minecraft:long_invisibility, minecraft:turtle_master, ars_nouveau:mana_regen_potion_strong, minecraft:strong_healing, minecraft:night_vision, ars_nouveau:spell_damage_strong, minecraft:invisibility, minecraft:long_slowness, minecraft:strong_strength, buzzier_bees:strong_unluck, minecraft:thick, minecraft:strong_swiftness, minecraft:awkward, minecraft:strong_turtle_master, ars_nouveau:mana_regen_potion_long, quark:long_resilience, minecraft:long_weakness, buzzier_bees:strong_luck, eidolon:long_anchored, ars_nouveau:mana_regen_potion, minecraft:poison, minecraft:long_strength, quark:resilience, minecraft:fire_resistance, eidolon:chilled, minecraft:leaping, buzzier_bees:long_luck, quark:long_resistance, ars_nouveau:spell_damage_long, minecraft:strong_regeneration, minecraft:mundane, minecraft:regeneration, minecraft:long_regeneration, buzzier_bees:long_unluck, quark:danger_sight, eidolon:anchored, eidolon:long_chilled, minecraft:strong_harming, minecraft:weakness, minecraft:slow_falling, minecraft:water_breathing, minecraft:water, minecraft:long_turtle_master, minecraft:long_swiftness, minecraft:slowness, minecraft:strength, quark:strong_resistance, minecraft:long_fire_resistance, minecraft:long_poison
[02Dec2025 19:42:04.692] [main/INFO] [STDOUT/]: [tschipp.carryon.common.handler.ListHandler:initConfigLists:282]: [refinedstorage:storage_blocks/fluids/65536k, forge:glass_panes/magenta, forge:ores/heliodor, forge:ores/biotite, quark:planks_vertical_slab, productivebees:flowers/gems/rose_quartz, forge:wooden_fences, quark:stools, forge:storage_blocks/netherite, forge:glass_panes/white, biomesoplenty:hellbark_logs, skyblockbuilder:additional_valid_spawn, productivebees:flowers/gems/topaz, silentgems:glowroses/topaz, tconstruct:slimy_leaves, forge:glass_panes/light_gray, forge:storage_blocks/nickel, forge:ores/coral, botania:floating_flowers, forge:ores/sunstone, productivebees:flowers/gems/sunstone, productivebees:flowers/gems/pearl, forge:storage_blocks/turquoise, productivebees:nests/nether_brick_nests, forge:storage_blocks/ametrine, tconstruct:harvestable/stackable, productivebees:advanced_beehives, tconstruct:slimy_nylium, refinedstorage:storage_blocks/items, quark:candles, minecraft:dragon_immune, farmersdelight:heat_sources, gardenofglass:pebble_sources, forge:glass/pink, forge:chests, forge:storage_blocks/emerald, forge:ores/redstone, silentgems:gem_blocks, tconstruct:foundry/floor, tconstruct:harvestable, forge:storage_blocks/uranium, forge:sheetmetals/nickel, tconstruct:foundry/tanks, forge:ores/crimson_iron, forge:glass/red, chiselsandbits:chiselable/forced, forge:sheetmetals/steel, ftbchunks:interact_whitelist, refinedstorage:storage_blocks/items/16384k, forge:ores/lepidolite, silentgems:glowroses/zircon, forge:glass_panes/green, silentgems:glowroses/moldavite, carryon:block_blacklist, productivebees:flowers/gems/phosphophyllite, forge:storage_blocks/chaos_iron, minecraft:prevent_mob_spawning_inside, forge:chests/trapped, forge:storage_blocks/peridot, productivebees:flowers/ferric_flowers, forge:fence_gates, productivebees:flowers/crystalline_flowers, buildinggadgets:whitelist/generic, productivebees:flowers/gems/lepidolite, silentgems:glowroses/aquamarine, tconstruct:scorched_blocks, forge:ores/pyrope, productivebees:nests/nether_quartz_nests, forge:sandstone, ceramics:cistern_connections, forge:storage_blocks/copper, forge:glass_panes/colorless, silentgems:glowroses/morganite, forge:storage_blocks/aquamarine, silentgems:glowroses/iolite, productivebees:flowers/gems/kunzite, the_bumblezone:blacklisted_productive_bees_combs, productivebees:flowers/gems/pyrope, productivebees:flowers/gems/black_opal, forge:storage_blocks/iolite, productivebees:solitary_overworld_nests, forge:storage_blocks/tektite, productivebees:flowers/end_flowers, forge:ores/bort, forge:storage_blocks/chaos, silentgems:glowroses/onyx, forge:storage_blocks/azure_electrum, forge:storage_blocks/lapis, productivebees:nests/end_nests, minecraft:beds, forge:sheetmetals/aluminum, tconstruct:seared_bricks, forge:ores/diamond, silentgems:fluffy_blocks, forge:ores/lead, productivebees:flowers/sulfur, minecraft:doors, forge:ores/prosperity, productivebees:flowers/gems/citrine, productivebees:flowers/river_flowers, tconstruct:slimy_soil/vanilla, forge:relocation_not_supported, forge:ores/pearl, minecraft:infiniburn_overworld, minecraft:flower_pots, productivebees:flowers/glowing_flowers, buzzier_bees:dyed_candles, buildinggadgets:blacklist/building, forge:storage_blocks/wax, forge:ores/malachite, silentgems:glowroses/black_diamond, forge:ores/tin, forge:glass/white, forge:storage_blocks/chaos_coal, silentgems:pedestals, forge:glass_panes/red, minecraft:signs, farmersdelight:mushroom_colony_growable_on, biomesoplenty:willow_logs, minecraft:wither_summon_base_blocks, botania:mundane_floating_flowers, forge:storage_blocks/tanzanite, forge:storage_blocks/morganite, mcwbridges:stone_piers, forge:storage_blocks/osmium, minecraft:hoglin_repellents, mekanism:cardboard_blacklist, productivebees:flowers/gems/green_sapphire, forge:storage_blocks/malachite, create:fan_transparent, forge:ores/topaz, endergetic:poise_stems, botania:mini_flowers, minecraft:mineable/shovel, minecraft:logs/archwood, forge:storage_blocks/spinel, forge:storage_blocks/sapphire, forge:sand/colorless, endergetic:end_plantable, forge:storage_blocks/kyanite, forge:ores/jade, mcwwindows:gothic, quark:wooden_vertical_slabs, tconstruct:harvestable/crops, forge:storage_blocks/crimson_iron, forge:storage_blocks/bort, minecraft:soul_speed_blocks, forge:storage_blocks/charcoal, forge:sheetmetals/copper, forge:storage_blocks/moonstone, silentgems:glowroses/heliodor, silentgems:glowroses/tektite, minecraft:walls, productivebees:flowers/gems/malachite, tconstruct:slimy_logs, minecraft:coral_blocks, forge:storage_blocks/black_diamond, tconstruct:slimy_grass, forge:ores/yellow_diamond, forge:glass/green, forge:storage_blocks/lead, refinedstorage:storage_blocks/items/4096k, silentgear:prospector_hammer_targets, tconstruct:slimy_soil/ender, forge:fences/aluminum, forge:ores/tektite, minecraft:underwater_bonemeals, forge:ores/moldavite, forge:ores/soulium, productivebees:flowers/gems/euclase, ftbchunks:edit_whitelist, minecraft:impermeable, minecraft:sand, productivebees:flowers/gems/alexandrite, forge:end_stones, forge:storage_blocks/fluorite, biomesoplenty:fir_logs, forge:sandstone/colorless, silentgems:glowroses/sunstone, forge:storage_blocks/terrasteel, forge:wg_stone, forge:storage_blocks/ridiculite, forge:storage_blocks/inanite, forge:treated_wood, forge:fences/wooden, sereneseasons:summer_crops, minecraft:campfires, forge:storage_blocks, forge:sheetmetals/uranium, minecraft:infiniburn_nether, silentgems:glowroses/opal, productivebees:flowers/gems/ruby, tconstruct:fuel_tanks, ars_nouveau:an_decorative, forge:glass_panes/orange, tconstruct:slimy_soil, forge:beds, forge:storage_blocks/heliodor, forge:ores/quartz, forge:ores/cobalt, forge:storage_blocks/garnet, forge:glass/blue, ars_nouveau:harvest/foliage, minecraft:wooden_trapdoors, productivebees:nests/sugarbag_nests, create:valve_handles, silentgems:glowroses/ruby, productivebees:flowers/gems/opal, buildinggadgets:blacklist/copy_paste, forge:storage_blocks/coal, forge:glass/light_blue, forge:ores/chrysoprase, silentgems:glowroses/garnet, forge:storage_blocks/euclase, botania:special_floating_flowers, forge:storage_blocks/redstone, productivebees:flowers/gems/jasper, forge:storage_blocks/yellow_diamond, forge:storage_blocks/amethyst, minecraft:stairs, forge:logs/archwood, silentgems:glowroses/alexandrite, quark:underground_biome_replaceable, sereneseasons:unbreakable_infertile_crops, refinedstorage:storage_blocks/items/256k, minecraft:logs, forge:sandstone/red, forge:storage_blocks/coral, forge:treated_wood_slab, forge:ores/green_sapphire, mekanism:miner_blacklist, minecraft:valid_spawn, minecraft:mushroom_grow_block, productivebees:flowers/cupric, quark:wraith_spawnable, minecraft:wooden_doors, silentgems:glowroses/rose_quartz, refinedstorage:storage_blocks, productivebees:flowers/forest_flowers, silentgems:glowroses/turquoise, sereneseasons:autumn_crops, tconstruct:planklike, silentgems:glowroses/euclase, forge:glass/purple, forge:storage_blocks/opal, quark:slime_blocks, minecraft:fences/wooden, minecraft:crimson_stems, productivebees:flowers/arid_flowers, productivebees:nether_gold_nests, minecraft:needs_stone_tool, productivebees:flowers/quarry, quark:vertical_slab, quark:hedges, productivebees:flowers/gems/cats_eye, forge:storage_blocks/ruby, forge:storage_blocks/blutonium, silentgems:glowroses/phosphophyllite, forge:ores/kyanite, tconstruct:slime_block, gravestone:grave_replaceable, minecraft:beacon_base_blocks, tconstruct:scorched_tanks, silentgems:corruptables/dirt, productivebees:nests/glowstone_nests, productivebees:flowers/gems/turquoise, forge:storage_blocks/lepidolite, minecraft:anvil, forge:sand, minecraft:wall_corals, forge:sheetmetals/lead, silentgems:glowroses/pyrope, the_bumblezone:wrath_activating_blocks_when_mined, mcwbridges:stone_bridges, forge:storage_blocks/silver, forge:ores/gold, mcwwindows:parapets, forge:storage_blocks/hepatizon, botania:mystical_flowers, forge:ores/tanzanite, productivebees:flowers/prismarine, minecraft:piglin_repellents, forge:storage_blocks/pearl, forge:ores/aquamarine, biomesoplenty:palm_logs, forge:glass/black, minecraft:portals, forge:ores/phosphophyllite, forge:fences/nether_brick, forge:glass/lime, forge:chests/wooden, forge:storage_blocks/aluminum, immersiveengineering:scaffoldings/aluminum, forge:ores/iron, silentgems:corruptables/stone, forge:storage_blocks/biotite, forge:storage_blocks/sulfur, forge:ores/benitoite, buzzier_bees:candles, botania:double_mystical_flowers, minecraft:wooden_stairs, forge:ores/cats_eye, minecraft:carpets, minecraft:base_stone_overworld, minecraft:wooden_buttons, forge:ores/spinel, quark:crystal, biomesoplenty:umbran_logs, forge:storage_blocks/kunzite, forge:fences/fence_gates, mcwbridges:bamboo_piers, forge:storage_blocks/glowstone, productivebees:flowers/slimy, minecraft:stone_bricks, forge:storage_blocks/quartz, silentgems:glowroses/citrine, forge:glass/orange, mcwwindows:shutters, forge:planks/archwood, forge:storage_blocks/moldavite, silentgems:glowroses/peridot, minecraft:slabs, forge:ores/moonstone, minecraft:guarded_by_piglins, forge:storage_blocks/topaz, forge:ores/emerald, the_bumblezone:blacklisted_resourceful_bees_combs, buildinggadgets:whitelist/exchanging, tconstruct:congealed_slime, forge:ores/sodalite, botania:misc_special_flowers, chiselsandbits:chiselable/blocked, forge:ores/apatite, forge:ores/carnelian, productivebees:flowers/gems/heliodor, minecraft:buttons, minecraft:corals, quark:foxhound_spawnable, mcwbridges:stone_stairs, productivebees:flowers/draconic_flowers, productivebees:flowers/gilded_flowers, minecraft:rails, productivebees:flowers/graves, forge:barrels/wooden, tconstruct:harvestable/interact, forge:storage_blocks/zircon, tconstruct:slimy_grass/earth, botania:gaia_break_blacklist, minecraft:strider_warm_blocks, forge:ores/morganite, forge:storage_blocks/clay, forge:ores/black_diamond, silentgems:glowroses/cats_eye, endergetic:chorus_plantable, mcwbridges:log_bridges, minecraft:bee_growables, minecraft:wooden_pressure_plates, create:brittle, minecraft:tall_flowers, biomesoplenty:redwood_logs, productivebees:flowers/gems/spinel, biomesoplenty:jacaranda_logs, forge:doors, refinedstorage:storage_blocks/fluids/16384k, tconstruct:heater_controllers, silentgems:glowroses, forge:bookshelves, minecraft:stone_pressure_plates, silentgems:glowroses/sodalite, mcwwindows:mosaic_glass_pane, minecraft:gold_ores, blockcarpentry:fences, forge:sheetmetals/silver, mcwwindows:windows_four, forge:glass_panes/pink, tconstruct:smeltery, forge:storage_blocks/crimson_steel, forge:netherrack, forge:storage_blocks/phosphophyllite, forge:storage_blocks/chrysoprase, create:non_movable, minecraft:soul_fire_base_blocks, forge:sheetmetals, refinedstorage:storage_blocks/fluids, farmersdelight:unaffected_by_rich_soil, productivebees:flowers/gems/ammolite, silentgems:glowroses/benitoite, productivebees:flowers/gems/sapphire, ars_nouveau:sylph/greatly_likes, silentgems:hardened_rocks, forge:gravel, silentgems:glowroses/amethyst, forge:glass_panes/cyan, forge:ores/onyx, productivebees:flowers/ender, biomesoplenty:magic_logs, minecraft:wool, silentgear:netherwood_logs, forge:glass/colorless, ars_nouveau:harvest/stems, productivebees:flowers/gems/fluorite, forge:ores/mana_gem, forge:glass_panes/light_blue, productivebees:flowers/gems/emerald, minecraft:beehives, forge:storage_blocks/cyanite, minecraft:ice, forge:ores/citrine, productivebees:expansion_boxes, forge:ores/zinc, forge:ores/netherite_scrap, minecraft:crops, quark:quilted_wools, forge:stained_glass, forge:storage_blocks/tyrian_steel, mcwwindows:mosaic_glass, forge:storage_blocks/amber, minecraft:warped_stems, mcwwindows:arrow_slit, botania:magnet_ring_blacklist, forge:fences/steel, forge:storage_blocks/coal_coke, productivebees:flowers/gems/sodalite, forge:storage_blocks/iron, create:seats, tconstruct:smeltery/tanks, forge:glass_panes/brown, silentgems:glowroses/amber, silentgems:glowroses/yellow_diamond, mcwwindows:blinds, create:wrench_pickup, forge:ores/sapphire, botania:corporea_spark_override, minecraft:climbable, forge:storage_blocks/agate, minecraft:leaves/archwood_leaves, silentgems:supercharger_pillar/level1, silentgems:supercharger_pillar/level3, silentgems:glowroses/kunzite, silentgems:supercharger_pillar/level2, refinedstorage:storage_blocks/fluids/262144k, storagedrawers:drawers, minecraft:dark_oak_logs, farmersdelight:compost_activators, forge:storage_blocks/steel, mcwbridges:rope_bridges, ars_nouveau:magic_saplings, quark:ladders, forge:planks, minecraft:coral_plants, farmersdelight:tray_heat_sources, forge:glass_panes, minecraft:non_flammable_wood, buildinggadgets:blacklist/generic, tconstruct:chrysophilite_ores, ars_nouveau:an_decorative/stone, forge:ores/fluorite, productivebees:flowers/gems/tektite, forge:storage_blocks/refined_glowstone, forge:mushrooms, productivebees:flowers/gems/peridot, tconstruct:seared_blocks, silentgems:glowroses/fluorite, botania:livingwood, productivebees:flowers/gems/morganite, forge:storage_blocks/bronze, tconstruct:slimy_soil/earth, silentgems:glowroses/sapphire, productivebees:flowers/gems/yellow_diamond, forge:storage_blocks/soulsteel, create:safe_nbt, forge:storage_blocks/carnelian, forge:sheetmetals/gold, productivebees:flowers/gems/chrysoprase, blockcarpentry:walls, buildinggadgets:blacklist/destruction, minecraft:fences, minecraft:saplings, productivebees:flowers/swamp_flowers, forge:storage_blocks/tin, forge:ores/copper, minecraft:mineable/pickaxe, mcwbridges:bamboo_stairs, minecraft:unstable_bottom_center, productivebees:flowers/gems/moldavite, mcwbridges:wooden_piers, minecraft:enderman_holdable, productivebees:nests/soul_sand_nests, minecraft:banners, forge:storage_blocks/electrum, minecraft:wooden_fences, forge:storage_blocks/knightslime, forge:sheetmetals/constantan, minecraft:wall_post_override, tconstruct:anvil_metal, mcwwindows:windows, silentgems:glowroses/ammolite, forge:obsidian, forge:storage_blocks/blaze_gold, tconstruct:slimy_nylium/ichor, forge:enderman_place_on_blacklist, productivebees:flowers/snow_flowers, silentgems:glowroses/agate, forge:chests/electric, forge:storage_blocks/citrine, biomesoplenty:mahogany_logs, forge:storage_blocks/honeycombs, productivebees:nests/wood_nests, buildinggadgets:whitelist/building, productivebees:flowers/gems/amber, productivebees:nests/bumble_bee, productivebees:flowers/gems/amethyst, botania:livingrock, forge:glass/magenta, forge:ores/coal, forge:storage_blocks/constantan, minecraft:fire, productivebees:flowers/gems/black_diamond, forge:sheetmetals/electrum, productivebees:flowers/gems/tourmaline, productivebees:flowers/gems/onyx, minecraft:needs_diamond_tool, minecraft:base_stone_nether, minecraft:wall_signs, tconstruct:seared_tanks, quark:vertical_slabs, productivebees:flowers/wither_flowers, productivebees:flowers/souled_flowers, carryon:block_whitelist, productivebees:flowers/crystalline, forge:storage_blocks/elementium, minecraft:trapdoors, ars_nouveau:harvest/fellable, tconstruct:smeltery/floor, tconstruct:slimy_grass/sky, forge:glass/cyan, botania:shiny_flowers, quark:crab_spawnable, forge:glass, forge:ores/ammolite, mcwbridges:log_stairs, forge:storage_blocks/magentite, tconstruct:skyroot_logs, forge:wooden_doors, tconstruct:slimy_soil/sky, minecraft:leaves, buzzier_bees:flower_blacklist, forge:storage_blocks/pewter, forge:storage_blocks/yellorium, forge:storage_blocks/rose_gold, forge:storage_blocks/brass, forge:ores/amethyst, forge:glass_panes/gray, minecraft:wither_immune, forge:ores/jasper, forge:ores/ruby, minecraft:acacia_logs, forge:storage_blocks/arcane_gold, elevatorid:elevators, forge:storage_blocks/silicon_bronze, tconstruct:slimy_tree_trunks, productivebees:flowers/redstone, forge:stained_glass_panes, immersiveengineering:scaffoldings/steel, productivebees:flowers/magmatic_flowers, forge:storage_blocks/queens_slime, mcwbridges:rope_stairs, forge:ores/opal, silentgems:glowroses/carnelian, forge:storage_blocks/zinc, forge:sand/red, the_bumblezone:honeycombs_that_features_can_carve, productivebees:flowers/gems/kyanite, forge:workbenches, forge:glass/brown, forge:storage_blocks/onyx, create:sails, minecraft:logs_that_burn, minecraft:mineable/hoe, silentgems:glowroses/jasper, minecraft:needs_iron_tool, forge:glass/gray, endergetic:ender_fire_base_blocks, productivebees:nests/reed_nests, forge:glass/light_gray, forge:storage_blocks/pyrope, forge:walls/walls, minecraft:wooden_slabs, productivebees:solitary_nests, create:toolboxes, productivebees:flowers/fiery, minecraft:small_flowers, productivebees:flowers/gems/diamond, forge:storage_blocks/refined_obsidian, mekanism:atomic_disassembler_ore, silentgems:glowroses/ametrine, botania:enchanter_flowers, forge:ores/osmium, silentgems:glowroses/coral, productivebees:flowers/gems/moonstone, mcwbridges:rail_bridges, forge:glass_panes/black, farmersdelight:wild_crops, silentgems:glowroses/tanzanite, forge:storage_blocks/manasteel, mcwwindows:curtains, productivebees:flowers/gems/apatite, sereneseasons:winter_crops, forge:ores/zircon, forge:glass_panes/blue, productivebees:nests/draconic_nests, tconstruct:slimy_nylium/blood, productivebees:flowers/gems/iolite, tconstruct:bloodshroom_logs, silentgear:fluffy_blocks, tconstruct:tables, forge:ores/kunzite, tconstruct:slimy_saplings, forge:ores/amber, silentgems:glowroses/jade, buildinggadgets:blacklist/exchanging, forge:stone, mcwbridges:bamboo_bridges, minecraft:standing_signs, minecraft:infiniburn_end, productivebees:nests/slimy_nests, forge:glass_panes/yellow, buildinggadgets:whitelist/destruction, ars_nouveau:magic_plants, mcwwindows:windows_two, biomesoplenty:cherry_logs, minecraft:wart_blocks, productivebees:flowers/nether_flowers, minecraft:planks/archwood, forge:storage_blocks/sodalite, botania:generating_special_flowers, farmersdelight:heat_conductors, productivebees:flowers/gems/agate, forge:storage_blocks/sunstone, tconstruct:tree_log, forge:storage_blocks/apatite, forge:marble, minecraft:shulker_boxes, productivebees:flowers/gems/zircon, productivebees:flowers/gems/jade, the_bumblezone:required_blocks_under_hive_to_teleport, productivebees:flowers/gems/tanzanite, itemfilters:check_nbt, forge:ores/silver, the_bumblezone:blacklisted_teleportable_hive_blocks, minecraft:birch_logs, tconstruct:slimy_planks, tconstruct:slimy_grass/ender, create:fan_heaters, forge:storage_blocks/cats_eye, forge:glass_panes/purple, forge:storage_blocks/ludicrite, tconstruct:slimy_soil/ichor, forge:ores/iolite, silentgems:glowroses/moonstone, forge:glass/yellow, quark:pike_trophies, forge:storage_blocks/green_sapphire, forge:storage_blocks/ammolite, silentgear:netherwood_soil, productivebees:flowers/radioactive, buildinggadgets:whitelist/copy_paste, minecraft:piglin_repellants, minecraft:oak_logs, forge:storage_blocks/neptunium, forge:barrels, blockcarpentry:beds, forge:storage_blocks/alexandrite, forge:ores/inferium, forge:ores/lapis, biomesoplenty:dead_logs, the_bumblezone:flowers_blacklisted_from_pollen_puff, forge:storage_blocks/slimesteel, forge:dirt, minecraft:bamboo_plantable_on, forge:storage_blocks/jasper, quark:lead_connectable, forge:storage_blocks/pig_iron, minecraft:pressure_plates, forge:ores/nickel, create:windowable, buzzier_bees:scented_candles, forge:ores/yellorite, minecraft:jungle_logs, silentgems:glowroses/chrysoprase, refinedstorage:storage_blocks/fluids/1048576k, forge:chests/ender, forge:ores/euclase, productivebees:flowers/gems/ametrine, minecraft:spruce_logs, forge:fence_gates/wooden, forge:ores/azure_silver, forge:ores/aluminum, productivebees:flowers/gems/carnelian, minecraft:mineable/axe, ars_nouveau:sylph/kinda_likes, forge:ores/uranium, forge:glass_panes/lime, forge:storage_blocks/manyullyn, forge:storage_blocks/azure_silver, productivebees:flowers/frozen, create:windmill_sails, forge:storage_blocks/jade, endergetic:poise_plantable, sereneseasons:spring_crops, forge:ores/rose_quartz, endergetic:end_crystal_placeable, tconstruct:foundry/wall, tconstruct:smeltery/wall, forge:storage_blocks/benitoite, forge:ores/alexandrite, forge:logs, silentgems:glowroses/lepidolite, silentgems:glowroses/kyanite, bigreactors:dry_ice, productivebees:flowers/gems/aquamarine, tconstruct:greenheart_logs, forge:ores/turquoise, forge:ores/peridot, mysticalagriculture:crops, botania:terra_plate_base, productivebees:flowers/gems/garnet, forge:ores/garnet, minecraft:flowers, forge:storage_blocks/cobalt, forge:ores/agate, productivebees:nests/cold_nests, the_bumblezone:flowers_allowed_by_pollen_puff, silentgems:glowroses/green_sapphire, minecraft:planks, silentgems:supercharger_pillar/cap, forge:cobblestone, botania:special_flowers, productivebees:flowers/gems/coral, silentgems:glowroses/spinel, botania:functional_special_flowers, silentgems:glowroses/pearl, productivebees:flowers/burning, botania:terraformable, forge:storage_blocks/gold, minecraft:fence_gates, tconstruct:foundry, refinedstorage:storage_blocks/items/1024k, productivebees:flowers/powdery, forge:ores/ametrine, forge:ores, silentgems:glowroses/malachite, forge:storage_blocks/rose_quartz, tconstruct:alloyer_tanks, forge:storage_blocks/graphite, forge:sheetmetals/iron, forge:fences, forge:pollen, blockcarpentry:doors, forge:storage_blocks/diamond, minecraft:nylium, productivebees:flowers/gems/benitoite, forge:chests/personal, silentgems:glowroses/apatite]
[02Dec2025 19:42:04.695] [main/INFO] [STDOUT/]: [tschipp.carryon.common.handler.ListHandler:initConfigLists:282]: [refinedstorage:storage_blocks/fluids/65536k, forge:glass_panes/magenta, forge:ores/heliodor, forge:ores/biotite, quark:planks_vertical_slab, productivebees:flowers/gems/rose_quartz, forge:wooden_fences, quark:stools, forge:storage_blocks/netherite, forge:glass_panes/white, biomesoplenty:hellbark_logs, skyblockbuilder:additional_valid_spawn, productivebees:flowers/gems/topaz, silentgems:glowroses/topaz, tconstruct:slimy_leaves, forge:glass_panes/light_gray, forge:storage_blocks/nickel, forge:ores/coral, botania:floating_flowers, forge:ores/sunstone, productivebees:flowers/gems/sunstone, productivebees:flowers/gems/pearl, forge:storage_blocks/turquoise, productivebees:nests/nether_brick_nests, forge:storage_blocks/ametrine, tconstruct:harvestable/stackable, productivebees:advanced_beehives, tconstruct:slimy_nylium, refinedstorage:storage_blocks/items, quark:candles, minecraft:dragon_immune, farmersdelight:heat_sources, gardenofglass:pebble_sources, forge:glass/pink, forge:chests, forge:storage_blocks/emerald, forge:ores/redstone, silentgems:gem_blocks, tconstruct:foundry/floor, tconstruct:harvestable, forge:storage_blocks/uranium, forge:sheetmetals/nickel, tconstruct:foundry/tanks, forge:ores/crimson_iron, forge:glass/red, chiselsandbits:chiselable/forced, forge:sheetmetals/steel, ftbchunks:interact_whitelist, refinedstorage:storage_blocks/items/16384k, forge:ores/lepidolite, silentgems:glowroses/zircon, forge:glass_panes/green, silentgems:glowroses/moldavite, carryon:block_blacklist, productivebees:flowers/gems/phosphophyllite, forge:storage_blocks/chaos_iron, minecraft:prevent_mob_spawning_inside, forge:chests/trapped, forge:storage_blocks/peridot, productivebees:flowers/ferric_flowers, forge:fence_gates, productivebees:flowers/crystalline_flowers, buildinggadgets:whitelist/generic, productivebees:flowers/gems/lepidolite, silentgems:glowroses/aquamarine, tconstruct:scorched_blocks, forge:ores/pyrope, productivebees:nests/nether_quartz_nests, forge:sandstone, ceramics:cistern_connections, forge:storage_blocks/copper, forge:glass_panes/colorless, silentgems:glowroses/morganite, forge:storage_blocks/aquamarine, silentgems:glowroses/iolite, productivebees:flowers/gems/kunzite, the_bumblezone:blacklisted_productive_bees_combs, productivebees:flowers/gems/pyrope, productivebees:flowers/gems/black_opal, forge:storage_blocks/iolite, productivebees:solitary_overworld_nests, forge:storage_blocks/tektite, productivebees:flowers/end_flowers, forge:ores/bort, forge:storage_blocks/chaos, silentgems:glowroses/onyx, forge:storage_blocks/azure_electrum, forge:storage_blocks/lapis, productivebees:nests/end_nests, minecraft:beds, forge:sheetmetals/aluminum, tconstruct:seared_bricks, forge:ores/diamond, silentgems:fluffy_blocks, forge:ores/lead, productivebees:flowers/sulfur, minecraft:doors, forge:ores/prosperity, productivebees:flowers/gems/citrine, productivebees:flowers/river_flowers, tconstruct:slimy_soil/vanilla, forge:relocation_not_supported, forge:ores/pearl, minecraft:infiniburn_overworld, minecraft:flower_pots, productivebees:flowers/glowing_flowers, buzzier_bees:dyed_candles, buildinggadgets:blacklist/building, forge:storage_blocks/wax, forge:ores/malachite, silentgems:glowroses/black_diamond, forge:ores/tin, forge:glass/white, forge:storage_blocks/chaos_coal, silentgems:pedestals, forge:glass_panes/red, minecraft:signs, farmersdelight:mushroom_colony_growable_on, biomesoplenty:willow_logs, minecraft:wither_summon_base_blocks, botania:mundane_floating_flowers, forge:storage_blocks/tanzanite, forge:storage_blocks/morganite, mcwbridges:stone_piers, forge:storage_blocks/osmium, minecraft:hoglin_repellents, mekanism:cardboard_blacklist, productivebees:flowers/gems/green_sapphire, forge:storage_blocks/malachite, create:fan_transparent, forge:ores/topaz, endergetic:poise_stems, botania:mini_flowers, minecraft:mineable/shovel, minecraft:logs/archwood, forge:storage_blocks/spinel, forge:storage_blocks/sapphire, forge:sand/colorless, endergetic:end_plantable, forge:storage_blocks/kyanite, forge:ores/jade, mcwwindows:gothic, quark:wooden_vertical_slabs, tconstruct:harvestable/crops, forge:storage_blocks/crimson_iron, forge:storage_blocks/bort, minecraft:soul_speed_blocks, forge:storage_blocks/charcoal, forge:sheetmetals/copper, forge:storage_blocks/moonstone, silentgems:glowroses/heliodor, silentgems:glowroses/tektite, minecraft:walls, productivebees:flowers/gems/malachite, tconstruct:slimy_logs, minecraft:coral_blocks, forge:storage_blocks/black_diamond, tconstruct:slimy_grass, forge:ores/yellow_diamond, forge:glass/green, forge:storage_blocks/lead, refinedstorage:storage_blocks/items/4096k, silentgear:prospector_hammer_targets, tconstruct:slimy_soil/ender, forge:fences/aluminum, forge:ores/tektite, minecraft:underwater_bonemeals, forge:ores/moldavite, forge:ores/soulium, productivebees:flowers/gems/euclase, ftbchunks:edit_whitelist, minecraft:impermeable, minecraft:sand, productivebees:flowers/gems/alexandrite, forge:end_stones, forge:storage_blocks/fluorite, biomesoplenty:fir_logs, forge:sandstone/colorless, silentgems:glowroses/sunstone, forge:storage_blocks/terrasteel, forge:wg_stone, forge:storage_blocks/ridiculite, forge:storage_blocks/inanite, forge:treated_wood, forge:fences/wooden, sereneseasons:summer_crops, minecraft:campfires, forge:storage_blocks, forge:sheetmetals/uranium, minecraft:infiniburn_nether, silentgems:glowroses/opal, productivebees:flowers/gems/ruby, tconstruct:fuel_tanks, ars_nouveau:an_decorative, forge:glass_panes/orange, tconstruct:slimy_soil, forge:beds, forge:storage_blocks/heliodor, forge:ores/quartz, forge:ores/cobalt, forge:storage_blocks/garnet, forge:glass/blue, ars_nouveau:harvest/foliage, minecraft:wooden_trapdoors, productivebees:nests/sugarbag_nests, create:valve_handles, silentgems:glowroses/ruby, productivebees:flowers/gems/opal, buildinggadgets:blacklist/copy_paste, forge:storage_blocks/coal, forge:glass/light_blue, forge:ores/chrysoprase, silentgems:glowroses/garnet, forge:storage_blocks/euclase, botania:special_floating_flowers, forge:storage_blocks/redstone, productivebees:flowers/gems/jasper, forge:storage_blocks/yellow_diamond, forge:storage_blocks/amethyst, minecraft:stairs, forge:logs/archwood, silentgems:glowroses/alexandrite, quark:underground_biome_replaceable, sereneseasons:unbreakable_infertile_crops, refinedstorage:storage_blocks/items/256k, minecraft:logs, forge:sandstone/red, forge:storage_blocks/coral, forge:treated_wood_slab, forge:ores/green_sapphire, mekanism:miner_blacklist, minecraft:valid_spawn, minecraft:mushroom_grow_block, productivebees:flowers/cupric, quark:wraith_spawnable, minecraft:wooden_doors, silentgems:glowroses/rose_quartz, refinedstorage:storage_blocks, productivebees:flowers/forest_flowers, silentgems:glowroses/turquoise, sereneseasons:autumn_crops, tconstruct:planklike, silentgems:glowroses/euclase, forge:glass/purple, forge:storage_blocks/opal, quark:slime_blocks, minecraft:fences/wooden, minecraft:crimson_stems, productivebees:flowers/arid_flowers, productivebees:nether_gold_nests, minecraft:needs_stone_tool, productivebees:flowers/quarry, quark:vertical_slab, quark:hedges, productivebees:flowers/gems/cats_eye, forge:storage_blocks/ruby, forge:storage_blocks/blutonium, silentgems:glowroses/phosphophyllite, forge:ores/kyanite, tconstruct:slime_block, gravestone:grave_replaceable, minecraft:beacon_base_blocks, tconstruct:scorched_tanks, silentgems:corruptables/dirt, productivebees:nests/glowstone_nests, productivebees:flowers/gems/turquoise, forge:storage_blocks/lepidolite, minecraft:anvil, forge:sand, minecraft:wall_corals, forge:sheetmetals/lead, silentgems:glowroses/pyrope, the_bumblezone:wrath_activating_blocks_when_mined, mcwbridges:stone_bridges, forge:storage_blocks/silver, forge:ores/gold, mcwwindows:parapets, forge:storage_blocks/hepatizon, botania:mystical_flowers, forge:ores/tanzanite, productivebees:flowers/prismarine, minecraft:piglin_repellents, forge:storage_blocks/pearl, forge:ores/aquamarine, biomesoplenty:palm_logs, forge:glass/black, minecraft:portals, forge:ores/phosphophyllite, forge:fences/nether_brick, forge:glass/lime, forge:chests/wooden, forge:storage_blocks/aluminum, immersiveengineering:scaffoldings/aluminum, forge:ores/iron, silentgems:corruptables/stone, forge:storage_blocks/biotite, forge:storage_blocks/sulfur, forge:ores/benitoite, buzzier_bees:candles, botania:double_mystical_flowers, minecraft:wooden_stairs, forge:ores/cats_eye, minecraft:carpets, minecraft:base_stone_overworld, minecraft:wooden_buttons, forge:ores/spinel, quark:crystal, biomesoplenty:umbran_logs, forge:storage_blocks/kunzite, forge:fences/fence_gates, mcwbridges:bamboo_piers, forge:storage_blocks/glowstone, productivebees:flowers/slimy, minecraft:stone_bricks, forge:storage_blocks/quartz, silentgems:glowroses/citrine, forge:glass/orange, mcwwindows:shutters, forge:planks/archwood, forge:storage_blocks/moldavite, silentgems:glowroses/peridot, minecraft:slabs, forge:ores/moonstone, minecraft:guarded_by_piglins, forge:storage_blocks/topaz, forge:ores/emerald, the_bumblezone:blacklisted_resourceful_bees_combs, buildinggadgets:whitelist/exchanging, tconstruct:congealed_slime, forge:ores/sodalite, botania:misc_special_flowers, chiselsandbits:chiselable/blocked, forge:ores/apatite, forge:ores/carnelian, productivebees:flowers/gems/heliodor, minecraft:buttons, minecraft:corals, quark:foxhound_spawnable, mcwbridges:stone_stairs, productivebees:flowers/draconic_flowers, productivebees:flowers/gilded_flowers, minecraft:rails, productivebees:flowers/graves, forge:barrels/wooden, tconstruct:harvestable/interact, forge:storage_blocks/zircon, tconstruct:slimy_grass/earth, botania:gaia_break_blacklist, minecraft:strider_warm_blocks, forge:ores/morganite, forge:storage_blocks/clay, forge:ores/black_diamond, silentgems:glowroses/cats_eye, endergetic:chorus_plantable, mcwbridges:log_bridges, minecraft:bee_growables, minecraft:wooden_pressure_plates, create:brittle, minecraft:tall_flowers, biomesoplenty:redwood_logs, productivebees:flowers/gems/spinel, biomesoplenty:jacaranda_logs, forge:doors, refinedstorage:storage_blocks/fluids/16384k, tconstruct:heater_controllers, silentgems:glowroses, forge:bookshelves, minecraft:stone_pressure_plates, silentgems:glowroses/sodalite, mcwwindows:mosaic_glass_pane, minecraft:gold_ores, blockcarpentry:fences, forge:sheetmetals/silver, mcwwindows:windows_four, forge:glass_panes/pink, tconstruct:smeltery, forge:storage_blocks/crimson_steel, forge:netherrack, forge:storage_blocks/phosphophyllite, forge:storage_blocks/chrysoprase, create:non_movable, minecraft:soul_fire_base_blocks, forge:sheetmetals, refinedstorage:storage_blocks/fluids, farmersdelight:unaffected_by_rich_soil, productivebees:flowers/gems/ammolite, silentgems:glowroses/benitoite, productivebees:flowers/gems/sapphire, ars_nouveau:sylph/greatly_likes, silentgems:hardened_rocks, forge:gravel, silentgems:glowroses/amethyst, forge:glass_panes/cyan, forge:ores/onyx, productivebees:flowers/ender, biomesoplenty:magic_logs, minecraft:wool, silentgear:netherwood_logs, forge:glass/colorless, ars_nouveau:harvest/stems, productivebees:flowers/gems/fluorite, forge:ores/mana_gem, forge:glass_panes/light_blue, productivebees:flowers/gems/emerald, minecraft:beehives, forge:storage_blocks/cyanite, minecraft:ice, forge:ores/citrine, productivebees:expansion_boxes, forge:ores/zinc, forge:ores/netherite_scrap, minecraft:crops, quark:quilted_wools, forge:stained_glass, forge:storage_blocks/tyrian_steel, mcwwindows:mosaic_glass, forge:storage_blocks/amber, minecraft:warped_stems, mcwwindows:arrow_slit, botania:magnet_ring_blacklist, forge:fences/steel, forge:storage_blocks/coal_coke, productivebees:flowers/gems/sodalite, forge:storage_blocks/iron, create:seats, tconstruct:smeltery/tanks, forge:glass_panes/brown, silentgems:glowroses/amber, silentgems:glowroses/yellow_diamond, mcwwindows:blinds, create:wrench_pickup, forge:ores/sapphire, botania:corporea_spark_override, minecraft:climbable, forge:storage_blocks/agate, minecraft:leaves/archwood_leaves, silentgems:supercharger_pillar/level1, silentgems:supercharger_pillar/level3, silentgems:glowroses/kunzite, silentgems:supercharger_pillar/level2, refinedstorage:storage_blocks/fluids/262144k, storagedrawers:drawers, minecraft:dark_oak_logs, farmersdelight:compost_activators, forge:storage_blocks/steel, mcwbridges:rope_bridges, ars_nouveau:magic_saplings, quark:ladders, forge:planks, minecraft:coral_plants, farmersdelight:tray_heat_sources, forge:glass_panes, minecraft:non_flammable_wood, buildinggadgets:blacklist/generic, tconstruct:chrysophilite_ores, ars_nouveau:an_decorative/stone, forge:ores/fluorite, productivebees:flowers/gems/tektite, forge:storage_blocks/refined_glowstone, forge:mushrooms, productivebees:flowers/gems/peridot, tconstruct:seared_blocks, silentgems:glowroses/fluorite, botania:livingwood, productivebees:flowers/gems/morganite, forge:storage_blocks/bronze, tconstruct:slimy_soil/earth, silentgems:glowroses/sapphire, productivebees:flowers/gems/yellow_diamond, forge:storage_blocks/soulsteel, create:safe_nbt, forge:storage_blocks/carnelian, forge:sheetmetals/gold, productivebees:flowers/gems/chrysoprase, blockcarpentry:walls, buildinggadgets:blacklist/destruction, minecraft:fences, minecraft:saplings, productivebees:flowers/swamp_flowers, forge:storage_blocks/tin, forge:ores/copper, minecraft:mineable/pickaxe, mcwbridges:bamboo_stairs, minecraft:unstable_bottom_center, productivebees:flowers/gems/moldavite, mcwbridges:wooden_piers, minecraft:enderman_holdable, productivebees:nests/soul_sand_nests, minecraft:banners, forge:storage_blocks/electrum, minecraft:wooden_fences, forge:storage_blocks/knightslime, forge:sheetmetals/constantan, minecraft:wall_post_override, tconstruct:anvil_metal, mcwwindows:windows, silentgems:glowroses/ammolite, forge:obsidian, forge:storage_blocks/blaze_gold, tconstruct:slimy_nylium/ichor, forge:enderman_place_on_blacklist, productivebees:flowers/snow_flowers, silentgems:glowroses/agate, forge:chests/electric, forge:storage_blocks/citrine, biomesoplenty:mahogany_logs, forge:storage_blocks/honeycombs, productivebees:nests/wood_nests, buildinggadgets:whitelist/building, productivebees:flowers/gems/amber, productivebees:nests/bumble_bee, productivebees:flowers/gems/amethyst, botania:livingrock, forge:glass/magenta, forge:ores/coal, forge:storage_blocks/constantan, minecraft:fire, productivebees:flowers/gems/black_diamond, forge:sheetmetals/electrum, productivebees:flowers/gems/tourmaline, productivebees:flowers/gems/onyx, minecraft:needs_diamond_tool, minecraft:base_stone_nether, minecraft:wall_signs, tconstruct:seared_tanks, quark:vertical_slabs, productivebees:flowers/wither_flowers, productivebees:flowers/souled_flowers, carryon:block_whitelist, productivebees:flowers/crystalline, forge:storage_blocks/elementium, minecraft:trapdoors, ars_nouveau:harvest/fellable, tconstruct:smeltery/floor, tconstruct:slimy_grass/sky, forge:glass/cyan, botania:shiny_flowers, quark:crab_spawnable, forge:glass, forge:ores/ammolite, mcwbridges:log_stairs, forge:storage_blocks/magentite, tconstruct:skyroot_logs, forge:wooden_doors, tconstruct:slimy_soil/sky, minecraft:leaves, buzzier_bees:flower_blacklist, forge:storage_blocks/pewter, forge:storage_blocks/yellorium, forge:storage_blocks/rose_gold, forge:storage_blocks/brass, forge:ores/amethyst, forge:glass_panes/gray, minecraft:wither_immune, forge:ores/jasper, forge:ores/ruby, minecraft:acacia_logs, forge:storage_blocks/arcane_gold, elevatorid:elevators, forge:storage_blocks/silicon_bronze, tconstruct:slimy_tree_trunks, productivebees:flowers/redstone, forge:stained_glass_panes, immersiveengineering:scaffoldings/steel, productivebees:flowers/magmatic_flowers, forge:storage_blocks/queens_slime, mcwbridges:rope_stairs, forge:ores/opal, silentgems:glowroses/carnelian, forge:storage_blocks/zinc, forge:sand/red, the_bumblezone:honeycombs_that_features_can_carve, productivebees:flowers/gems/kyanite, forge:workbenches, forge:glass/brown, forge:storage_blocks/onyx, create:sails, minecraft:logs_that_burn, minecraft:mineable/hoe, silentgems:glowroses/jasper, minecraft:needs_iron_tool, forge:glass/gray, endergetic:ender_fire_base_blocks, productivebees:nests/reed_nests, forge:glass/light_gray, forge:storage_blocks/pyrope, forge:walls/walls, minecraft:wooden_slabs, productivebees:solitary_nests, create:toolboxes, productivebees:flowers/fiery, minecraft:small_flowers, productivebees:flowers/gems/diamond, forge:storage_blocks/refined_obsidian, mekanism:atomic_disassembler_ore, silentgems:glowroses/ametrine, botania:enchanter_flowers, forge:ores/osmium, silentgems:glowroses/coral, productivebees:flowers/gems/moonstone, mcwbridges:rail_bridges, forge:glass_panes/black, farmersdelight:wild_crops, silentgems:glowroses/tanzanite, forge:storage_blocks/manasteel, mcwwindows:curtains, productivebees:flowers/gems/apatite, sereneseasons:winter_crops, forge:ores/zircon, forge:glass_panes/blue, productivebees:nests/draconic_nests, tconstruct:slimy_nylium/blood, productivebees:flowers/gems/iolite, tconstruct:bloodshroom_logs, silentgear:fluffy_blocks, tconstruct:tables, forge:ores/kunzite, tconstruct:slimy_saplings, forge:ores/amber, silentgems:glowroses/jade, buildinggadgets:blacklist/exchanging, forge:stone, mcwbridges:bamboo_bridges, minecraft:standing_signs, minecraft:infiniburn_end, productivebees:nests/slimy_nests, forge:glass_panes/yellow, buildinggadgets:whitelist/destruction, ars_nouveau:magic_plants, mcwwindows:windows_two, biomesoplenty:cherry_logs, minecraft:wart_blocks, productivebees:flowers/nether_flowers, minecraft:planks/archwood, forge:storage_blocks/sodalite, botania:generating_special_flowers, farmersdelight:heat_conductors, productivebees:flowers/gems/agate, forge:storage_blocks/sunstone, tconstruct:tree_log, forge:storage_blocks/apatite, forge:marble, minecraft:shulker_boxes, productivebees:flowers/gems/zircon, productivebees:flowers/gems/jade, the_bumblezone:required_blocks_under_hive_to_teleport, productivebees:flowers/gems/tanzanite, itemfilters:check_nbt, forge:ores/silver, the_bumblezone:blacklisted_teleportable_hive_blocks, minecraft:birch_logs, tconstruct:slimy_planks, tconstruct:slimy_grass/ender, create:fan_heaters, forge:storage_blocks/cats_eye, forge:glass_panes/purple, forge:storage_blocks/ludicrite, tconstruct:slimy_soil/ichor, forge:ores/iolite, silentgems:glowroses/moonstone, forge:glass/yellow, quark:pike_trophies, forge:storage_blocks/green_sapphire, forge:storage_blocks/ammolite, silentgear:netherwood_soil, productivebees:flowers/radioactive, buildinggadgets:whitelist/copy_paste, minecraft:piglin_repellants, minecraft:oak_logs, forge:storage_blocks/neptunium, forge:barrels, blockcarpentry:beds, forge:storage_blocks/alexandrite, forge:ores/inferium, forge:ores/lapis, biomesoplenty:dead_logs, the_bumblezone:flowers_blacklisted_from_pollen_puff, forge:storage_blocks/slimesteel, forge:dirt, minecraft:bamboo_plantable_on, forge:storage_blocks/jasper, quark:lead_connectable, forge:storage_blocks/pig_iron, minecraft:pressure_plates, forge:ores/nickel, create:windowable, buzzier_bees:scented_candles, forge:ores/yellorite, minecraft:jungle_logs, silentgems:glowroses/chrysoprase, refinedstorage:storage_blocks/fluids/1048576k, forge:chests/ender, forge:ores/euclase, productivebees:flowers/gems/ametrine, minecraft:spruce_logs, forge:fence_gates/wooden, forge:ores/azure_silver, forge:ores/aluminum, productivebees:flowers/gems/carnelian, minecraft:mineable/axe, ars_nouveau:sylph/kinda_likes, forge:ores/uranium, forge:glass_panes/lime, forge:storage_blocks/manyullyn, forge:storage_blocks/azure_silver, productivebees:flowers/frozen, create:windmill_sails, forge:storage_blocks/jade, endergetic:poise_plantable, sereneseasons:spring_crops, forge:ores/rose_quartz, endergetic:end_crystal_placeable, tconstruct:foundry/wall, tconstruct:smeltery/wall, forge:storage_blocks/benitoite, forge:ores/alexandrite, forge:logs, silentgems:glowroses/lepidolite, silentgems:glowroses/kyanite, bigreactors:dry_ice, productivebees:flowers/gems/aquamarine, tconstruct:greenheart_logs, forge:ores/turquoise, forge:ores/peridot, mysticalagriculture:crops, botania:terra_plate_base, productivebees:flowers/gems/garnet, forge:ores/garnet, minecraft:flowers, forge:storage_blocks/cobalt, forge:ores/agate, productivebees:nests/cold_nests, the_bumblezone:flowers_allowed_by_pollen_puff, silentgems:glowroses/green_sapphire, minecraft:planks, silentgems:supercharger_pillar/cap, forge:cobblestone, botania:special_flowers, productivebees:flowers/gems/coral, silentgems:glowroses/spinel, botania:functional_special_flowers, silentgems:glowroses/pearl, productivebees:flowers/burning, botania:terraformable, forge:storage_blocks/gold, minecraft:fence_gates, tconstruct:foundry, refinedstorage:storage_blocks/items/1024k, productivebees:flowers/powdery, forge:ores/ametrine, forge:ores, silentgems:glowroses/malachite, forge:storage_blocks/rose_quartz, tconstruct:alloyer_tanks, forge:storage_blocks/graphite, forge:sheetmetals/iron, forge:fences, forge:pollen, blockcarpentry:doors, forge:storage_blocks/diamond, minecraft:nylium, productivebees:flowers/gems/benitoite, forge:chests/personal, silentgems:glowroses/apatite]
[02Dec2025 19:42:10.221] [Server thread/INFO] [net.minecraft.server.dedicated.DedicatedServer/]: Starting minecraft server version 1.16.5
[02Dec2025 19:42:10.221] [Server thread/INFO] [net.minecraft.server.dedicated.DedicatedServer/]: Loading properties
[02Dec2025 19:42:10.221] [Server thread/INFO] [net.minecraft.server.dedicated.DedicatedServer/]: Default game type: SURVIVAL
[02Dec2025 19:42:10.221] [Server thread/INFO] [net.minecraft.server.MinecraftServer/]: Generating keypair
[02Dec2025 19:42:10.332] [Server thread/INFO] [net.minecraft.server.dedicated.DedicatedServer/]: Starting Minecraft server on *:25565
[02Dec2025 19:42:10.458] [Server thread/INFO] [net.minecraft.network.NetworkSystem/]: Using epoll channel type
[02Dec2025 19:42:10.538] [Server thread/WARN] [net.minecraft.server.dedicated.DedicatedServer/]: **** SERVER IS RUNNING IN OFFLINE/INSECURE MODE!
[02Dec2025 19:42:10.538] [Server thread/WARN] [net.minecraft.server.dedicated.DedicatedServer/]: The server will make no attempt to authenticate usernames. Beware.
[02Dec2025 19:42:10.539] [Server thread/WARN] [net.minecraft.server.dedicated.DedicatedServer/]: While this makes the game possible to play without internet access, it also opens up the ability for hackers to connect with any username they choose.
[02Dec2025 19:42:10.539] [Server thread/WARN] [net.minecraft.server.dedicated.DedicatedServer/]: To change this, set "online-mode" to "true" in the server.properties file.
[02Dec2025 19:42:10.577] [Server thread/INFO] [STDOUT/]: [tschipp.carryon.common.handler.ListHandler:initConfigLists:282]: [refinedstorage:storage_blocks/fluids/65536k, forge:glass_panes/magenta, forge:ores/heliodor, forge:ores/biotite, quark:planks_vertical_slab, productivebees:flowers/gems/rose_quartz, forge:wooden_fences, quark:stools, forge:storage_blocks/netherite, forge:glass_panes/white, biomesoplenty:hellbark_logs, skyblockbuilder:additional_valid_spawn, productivebees:flowers/gems/topaz, silentgems:glowroses/topaz, tconstruct:slimy_leaves, forge:glass_panes/light_gray, forge:storage_blocks/nickel, forge:ores/coral, botania:floating_flowers, forge:ores/sunstone, productivebees:flowers/gems/sunstone, productivebees:flowers/gems/pearl, forge:storage_blocks/turquoise, productivebees:nests/nether_brick_nests, forge:storage_blocks/ametrine, tconstruct:harvestable/stackable, productivebees:advanced_beehives, tconstruct:slimy_nylium, refinedstorage:storage_blocks/items, quark:candles, minecraft:dragon_immune, farmersdelight:heat_sources, gardenofglass:pebble_sources, forge:glass/pink, forge:chests, forge:storage_blocks/emerald, forge:ores/redstone, silentgems:gem_blocks, tconstruct:foundry/floor, tconstruct:harvestable, forge:storage_blocks/uranium, forge:sheetmetals/nickel, tconstruct:foundry/tanks, forge:ores/crimson_iron, forge:glass/red, chiselsandbits:chiselable/forced, forge:sheetmetals/steel, ftbchunks:interact_whitelist, refinedstorage:storage_blocks/items/16384k, forge:ores/lepidolite, silentgems:glowroses/zircon, forge:glass_panes/green, silentgems:glowroses/moldavite, carryon:block_blacklist, productivebees:flowers/gems/phosphophyllite, forge:storage_blocks/chaos_iron, minecraft:prevent_mob_spawning_inside, forge:chests/trapped, forge:storage_blocks/peridot, productivebees:flowers/ferric_flowers, forge:fence_gates, productivebees:flowers/crystalline_flowers, buildinggadgets:whitelist/generic, productivebees:flowers/gems/lepidolite, silentgems:glowroses/aquamarine, tconstruct:scorched_blocks, forge:ores/pyrope, productivebees:nests/nether_quartz_nests, forge:sandstone, ceramics:cistern_connections, forge:storage_blocks/copper, forge:glass_panes/colorless, silentgems:glowroses/morganite, forge:storage_blocks/aquamarine, silentgems:glowroses/iolite, productivebees:flowers/gems/kunzite, the_bumblezone:blacklisted_productive_bees_combs, productivebees:flowers/gems/pyrope, productivebees:flowers/gems/black_opal, forge:storage_blocks/iolite, productivebees:solitary_overworld_nests, forge:storage_blocks/tektite, productivebees:flowers/end_flowers, forge:ores/bort, forge:storage_blocks/chaos, silentgems:glowroses/onyx, forge:storage_blocks/azure_electrum, forge:storage_blocks/lapis, productivebees:nests/end_nests, minecraft:beds, forge:sheetmetals/aluminum, tconstruct:seared_bricks, forge:ores/diamond, silentgems:fluffy_blocks, forge:ores/lead, productivebees:flowers/sulfur, minecraft:doors, forge:ores/prosperity, productivebees:flowers/gems/citrine, productivebees:flowers/river_flowers, tconstruct:slimy_soil/vanilla, forge:relocation_not_supported, forge:ores/pearl, minecraft:infiniburn_overworld, minecraft:flower_pots, productivebees:flowers/glowing_flowers, buzzier_bees:dyed_candles, buildinggadgets:blacklist/building, forge:storage_blocks/wax, forge:ores/malachite, silentgems:glowroses/black_diamond, forge:ores/tin, forge:glass/white, forge:storage_blocks/chaos_coal, silentgems:pedestals, forge:glass_panes/red, minecraft:signs, farmersdelight:mushroom_colony_growable_on, biomesoplenty:willow_logs, minecraft:wither_summon_base_blocks, botania:mundane_floating_flowers, forge:storage_blocks/tanzanite, forge:storage_blocks/morganite, mcwbridges:stone_piers, forge:storage_blocks/osmium, minecraft:hoglin_repellents, mekanism:cardboard_blacklist, productivebees:flowers/gems/green_sapphire, forge:storage_blocks/malachite, create:fan_transparent, forge:ores/topaz, endergetic:poise_stems, botania:mini_flowers, minecraft:mineable/shovel, minecraft:logs/archwood, forge:storage_blocks/spinel, forge:storage_blocks/sapphire, forge:sand/colorless, endergetic:end_plantable, forge:storage_blocks/kyanite, forge:ores/jade, mcwwindows:gothic, quark:wooden_vertical_slabs, tconstruct:harvestable/crops, forge:storage_blocks/crimson_iron, forge:storage_blocks/bort, minecraft:soul_speed_blocks, forge:storage_blocks/charcoal, forge:sheetmetals/copper, forge:storage_blocks/moonstone, silentgems:glowroses/heliodor, silentgems:glowroses/tektite, minecraft:walls, productivebees:flowers/gems/malachite, tconstruct:slimy_logs, minecraft:coral_blocks, forge:storage_blocks/black_diamond, tconstruct:slimy_grass, forge:ores/yellow_diamond, forge:glass/green, forge:storage_blocks/lead, refinedstorage:storage_blocks/items/4096k, silentgear:prospector_hammer_targets, tconstruct:slimy_soil/ender, forge:fences/aluminum, forge:ores/tektite, minecraft:underwater_bonemeals, forge:ores/moldavite, forge:ores/soulium, productivebees:flowers/gems/euclase, ftbchunks:edit_whitelist, minecraft:impermeable, minecraft:sand, productivebees:flowers/gems/alexandrite, forge:end_stones, forge:storage_blocks/fluorite, biomesoplenty:fir_logs, forge:sandstone/colorless, silentgems:glowroses/sunstone, forge:storage_blocks/terrasteel, forge:wg_stone, forge:storage_blocks/ridiculite, forge:storage_blocks/inanite, forge:treated_wood, forge:fences/wooden, sereneseasons:summer_crops, minecraft:campfires, forge:storage_blocks, forge:sheetmetals/uranium, minecraft:infiniburn_nether, silentgems:glowroses/opal, productivebees:flowers/gems/ruby, tconstruct:fuel_tanks, ars_nouveau:an_decorative, forge:glass_panes/orange, tconstruct:slimy_soil, forge:beds, forge:storage_blocks/heliodor, forge:ores/quartz, forge:ores/cobalt, forge:storage_blocks/garnet, forge:glass/blue, ars_nouveau:harvest/foliage, minecraft:wooden_trapdoors, productivebees:nests/sugarbag_nests, create:valve_handles, silentgems:glowroses/ruby, productivebees:flowers/gems/opal, buildinggadgets:blacklist/copy_paste, forge:storage_blocks/coal, forge:glass/light_blue, forge:ores/chrysoprase, silentgems:glowroses/garnet, forge:storage_blocks/euclase, botania:special_floating_flowers, forge:storage_blocks/redstone, productivebees:flowers/gems/jasper, forge:storage_blocks/yellow_diamond, forge:storage_blocks/amethyst, minecraft:stairs, forge:logs/archwood, silentgems:glowroses/alexandrite, quark:underground_biome_replaceable, sereneseasons:unbreakable_infertile_crops, refinedstorage:storage_blocks/items/256k, minecraft:logs, forge:sandstone/red, forge:storage_blocks/coral, forge:treated_wood_slab, forge:ores/green_sapphire, mekanism:miner_blacklist, minecraft:valid_spawn, minecraft:mushroom_grow_block, productivebees:flowers/cupric, quark:wraith_spawnable, minecraft:wooden_doors, silentgems:glowroses/rose_quartz, refinedstorage:storage_blocks, productivebees:flowers/forest_flowers, silentgems:glowroses/turquoise, sereneseasons:autumn_crops, tconstruct:planklike, silentgems:glowroses/euclase, forge:glass/purple, forge:storage_blocks/opal, quark:slime_blocks, minecraft:fences/wooden, minecraft:crimson_stems, productivebees:flowers/arid_flowers, productivebees:nether_gold_nests, minecraft:needs_stone_tool, productivebees:flowers/quarry, quark:vertical_slab, quark:hedges, productivebees:flowers/gems/cats_eye, forge:storage_blocks/ruby, forge:storage_blocks/blutonium, silentgems:glowroses/phosphophyllite, forge:ores/kyanite, tconstruct:slime_block, gravestone:grave_replaceable, minecraft:beacon_base_blocks, tconstruct:scorched_tanks, silentgems:corruptables/dirt, productivebees:nests/glowstone_nests, productivebees:flowers/gems/turquoise, forge:storage_blocks/lepidolite, minecraft:anvil, forge:sand, minecraft:wall_corals, forge:sheetmetals/lead, silentgems:glowroses/pyrope, the_bumblezone:wrath_activating_blocks_when_mined, mcwbridges:stone_bridges, forge:storage_blocks/silver, forge:ores/gold, mcwwindows:parapets, forge:storage_blocks/hepatizon, botania:mystical_flowers, forge:ores/tanzanite, productivebees:flowers/prismarine, minecraft:piglin_repellents, forge:storage_blocks/pearl, forge:ores/aquamarine, biomesoplenty:palm_logs, forge:glass/black, minecraft:portals, forge:ores/phosphophyllite, forge:fences/nether_brick, forge:glass/lime, forge:chests/wooden, forge:storage_blocks/aluminum, immersiveengineering:scaffoldings/aluminum, forge:ores/iron, silentgems:corruptables/stone, forge:storage_blocks/biotite, forge:storage_blocks/sulfur, forge:ores/benitoite, buzzier_bees:candles, botania:double_mystical_flowers, minecraft:wooden_stairs, forge:ores/cats_eye, minecraft:carpets, minecraft:base_stone_overworld, minecraft:wooden_buttons, forge:ores/spinel, quark:crystal, biomesoplenty:umbran_logs, forge:storage_blocks/kunzite, forge:fences/fence_gates, mcwbridges:bamboo_piers, forge:storage_blocks/glowstone, productivebees:flowers/slimy, minecraft:stone_bricks, forge:storage_blocks/quartz, silentgems:glowroses/citrine, forge:glass/orange, mcwwindows:shutters, forge:planks/archwood, forge:storage_blocks/moldavite, silentgems:glowroses/peridot, minecraft:slabs, forge:ores/moonstone, minecraft:guarded_by_piglins, forge:storage_blocks/topaz, forge:ores/emerald, the_bumblezone:blacklisted_resourceful_bees_combs, buildinggadgets:whitelist/exchanging, tconstruct:congealed_slime, forge:ores/sodalite, botania:misc_special_flowers, chiselsandbits:chiselable/blocked, forge:ores/apatite, forge:ores/carnelian, productivebees:flowers/gems/heliodor, minecraft:buttons, minecraft:corals, quark:foxhound_spawnable, mcwbridges:stone_stairs, productivebees:flowers/draconic_flowers, productivebees:flowers/gilded_flowers, minecraft:rails, productivebees:flowers/graves, forge:barrels/wooden, tconstruct:harvestable/interact, forge:storage_blocks/zircon, tconstruct:slimy_grass/earth, botania:gaia_break_blacklist, minecraft:strider_warm_blocks, forge:ores/morganite, forge:storage_blocks/clay, forge:ores/black_diamond, silentgems:glowroses/cats_eye, endergetic:chorus_plantable, mcwbridges:log_bridges, minecraft:bee_growables, minecraft:wooden_pressure_plates, create:brittle, minecraft:tall_flowers, biomesoplenty:redwood_logs, productivebees:flowers/gems/spinel, biomesoplenty:jacaranda_logs, forge:doors, refinedstorage:storage_blocks/fluids/16384k, tconstruct:heater_controllers, silentgems:glowroses, forge:bookshelves, minecraft:stone_pressure_plates, silentgems:glowroses/sodalite, mcwwindows:mosaic_glass_pane, minecraft:gold_ores, blockcarpentry:fences, forge:sheetmetals/silver, mcwwindows:windows_four, forge:glass_panes/pink, tconstruct:smeltery, forge:storage_blocks/crimson_steel, forge:netherrack, forge:storage_blocks/phosphophyllite, forge:storage_blocks/chrysoprase, create:non_movable, minecraft:soul_fire_base_blocks, forge:sheetmetals, refinedstorage:storage_blocks/fluids, farmersdelight:unaffected_by_rich_soil, productivebees:flowers/gems/ammolite, silentgems:glowroses/benitoite, productivebees:flowers/gems/sapphire, ars_nouveau:sylph/greatly_likes, silentgems:hardened_rocks, forge:gravel, silentgems:glowroses/amethyst, forge:glass_panes/cyan, forge:ores/onyx, productivebees:flowers/ender, biomesoplenty:magic_logs, minecraft:wool, silentgear:netherwood_logs, forge:glass/colorless, ars_nouveau:harvest/stems, productivebees:flowers/gems/fluorite, forge:ores/mana_gem, forge:glass_panes/light_blue, productivebees:flowers/gems/emerald, minecraft:beehives, forge:storage_blocks/cyanite, minecraft:ice, forge:ores/citrine, productivebees:expansion_boxes, forge:ores/zinc, forge:ores/netherite_scrap, minecraft:crops, quark:quilted_wools, forge:stained_glass, forge:storage_blocks/tyrian_steel, mcwwindows:mosaic_glass, forge:storage_blocks/amber, minecraft:warped_stems, mcwwindows:arrow_slit, botania:magnet_ring_blacklist, forge:fences/steel, forge:storage_blocks/coal_coke, productivebees:flowers/gems/sodalite, forge:storage_blocks/iron, create:seats, tconstruct:smeltery/tanks, forge:glass_panes/brown, silentgems:glowroses/amber, silentgems:glowroses/yellow_diamond, mcwwindows:blinds, create:wrench_pickup, forge:ores/sapphire, botania:corporea_spark_override, minecraft:climbable, forge:storage_blocks/agate, minecraft:leaves/archwood_leaves, silentgems:supercharger_pillar/level1, silentgems:supercharger_pillar/level3, silentgems:glowroses/kunzite, silentgems:supercharger_pillar/level2, refinedstorage:storage_blocks/fluids/262144k, storagedrawers:drawers, minecraft:dark_oak_logs, farmersdelight:compost_activators, forge:storage_blocks/steel, mcwbridges:rope_bridges, ars_nouveau:magic_saplings, quark:ladders, forge:planks, minecraft:coral_plants, farmersdelight:tray_heat_sources, forge:glass_panes, minecraft:non_flammable_wood, buildinggadgets:blacklist/generic, tconstruct:chrysophilite_ores, ars_nouveau:an_decorative/stone, forge:ores/fluorite, productivebees:flowers/gems/tektite, forge:storage_blocks/refined_glowstone, forge:mushrooms, productivebees:flowers/gems/peridot, tconstruct:seared_blocks, silentgems:glowroses/fluorite, botania:livingwood, productivebees:flowers/gems/morganite, forge:storage_blocks/bronze, tconstruct:slimy_soil/earth, silentgems:glowroses/sapphire, productivebees:flowers/gems/yellow_diamond, forge:storage_blocks/soulsteel, create:safe_nbt, forge:storage_blocks/carnelian, forge:sheetmetals/gold, productivebees:flowers/gems/chrysoprase, blockcarpentry:walls, buildinggadgets:blacklist/destruction, minecraft:fences, minecraft:saplings, productivebees:flowers/swamp_flowers, forge:storage_blocks/tin, forge:ores/copper, minecraft:mineable/pickaxe, mcwbridges:bamboo_stairs, minecraft:unstable_bottom_center, productivebees:flowers/gems/moldavite, mcwbridges:wooden_piers, minecraft:enderman_holdable, productivebees:nests/soul_sand_nests, minecraft:banners, forge:storage_blocks/electrum, minecraft:wooden_fences, forge:storage_blocks/knightslime, forge:sheetmetals/constantan, minecraft:wall_post_override, tconstruct:anvil_metal, mcwwindows:windows, silentgems:glowroses/ammolite, forge:obsidian, forge:storage_blocks/blaze_gold, tconstruct:slimy_nylium/ichor, forge:enderman_place_on_blacklist, productivebees:flowers/snow_flowers, silentgems:glowroses/agate, forge:chests/electric, forge:storage_blocks/citrine, biomesoplenty:mahogany_logs, forge:storage_blocks/honeycombs, productivebees:nests/wood_nests, buildinggadgets:whitelist/building, productivebees:flowers/gems/amber, productivebees:nests/bumble_bee, productivebees:flowers/gems/amethyst, botania:livingrock, forge:glass/magenta, forge:ores/coal, forge:storage_blocks/constantan, minecraft:fire, productivebees:flowers/gems/black_diamond, forge:sheetmetals/electrum, productivebees:flowers/gems/tourmaline, productivebees:flowers/gems/onyx, minecraft:needs_diamond_tool, minecraft:base_stone_nether, minecraft:wall_signs, tconstruct:seared_tanks, quark:vertical_slabs, productivebees:flowers/wither_flowers, productivebees:flowers/souled_flowers, carryon:block_whitelist, productivebees:flowers/crystalline, forge:storage_blocks/elementium, minecraft:trapdoors, ars_nouveau:harvest/fellable, tconstruct:smeltery/floor, tconstruct:slimy_grass/sky, forge:glass/cyan, botania:shiny_flowers, quark:crab_spawnable, forge:glass, forge:ores/ammolite, mcwbridges:log_stairs, forge:storage_blocks/magentite, tconstruct:skyroot_logs, forge:wooden_doors, tconstruct:slimy_soil/sky, minecraft:leaves, buzzier_bees:flower_blacklist, forge:storage_blocks/pewter, forge:storage_blocks/yellorium, forge:storage_blocks/rose_gold, forge:storage_blocks/brass, forge:ores/amethyst, forge:glass_panes/gray, minecraft:wither_immune, forge:ores/jasper, forge:ores/ruby, minecraft:acacia_logs, forge:storage_blocks/arcane_gold, elevatorid:elevators, forge:storage_blocks/silicon_bronze, tconstruct:slimy_tree_trunks, productivebees:flowers/redstone, forge:stained_glass_panes, immersiveengineering:scaffoldings/steel, productivebees:flowers/magmatic_flowers, forge:storage_blocks/queens_slime, mcwbridges:rope_stairs, forge:ores/opal, silentgems:glowroses/carnelian, forge:storage_blocks/zinc, forge:sand/red, the_bumblezone:honeycombs_that_features_can_carve, productivebees:flowers/gems/kyanite, forge:workbenches, forge:glass/brown, forge:storage_blocks/onyx, create:sails, minecraft:logs_that_burn, minecraft:mineable/hoe, silentgems:glowroses/jasper, minecraft:needs_iron_tool, forge:glass/gray, endergetic:ender_fire_base_blocks, productivebees:nests/reed_nests, forge:glass/light_gray, forge:storage_blocks/pyrope, forge:walls/walls, minecraft:wooden_slabs, productivebees:solitary_nests, create:toolboxes, productivebees:flowers/fiery, minecraft:small_flowers, productivebees:flowers/gems/diamond, forge:storage_blocks/refined_obsidian, mekanism:atomic_disassembler_ore, silentgems:glowroses/ametrine, botania:enchanter_flowers, forge:ores/osmium, silentgems:glowroses/coral, productivebees:flowers/gems/moonstone, mcwbridges:rail_bridges, forge:glass_panes/black, farmersdelight:wild_crops, silentgems:glowroses/tanzanite, forge:storage_blocks/manasteel, mcwwindows:curtains, productivebees:flowers/gems/apatite, sereneseasons:winter_crops, forge:ores/zircon, forge:glass_panes/blue, productivebees:nests/draconic_nests, tconstruct:slimy_nylium/blood, productivebees:flowers/gems/iolite, tconstruct:bloodshroom_logs, silentgear:fluffy_blocks, tconstruct:tables, forge:ores/kunzite, tconstruct:slimy_saplings, forge:ores/amber, silentgems:glowroses/jade, buildinggadgets:blacklist/exchanging, forge:stone, mcwbridges:bamboo_bridges, minecraft:standing_signs, minecraft:infiniburn_end, productivebees:nests/slimy_nests, forge:glass_panes/yellow, buildinggadgets:whitelist/destruction, ars_nouveau:magic_plants, mcwwindows:windows_two, biomesoplenty:cherry_logs, minecraft:wart_blocks, productivebees:flowers/nether_flowers, minecraft:planks/archwood, forge:storage_blocks/sodalite, botania:generating_special_flowers, farmersdelight:heat_conductors, productivebees:flowers/gems/agate, forge:storage_blocks/sunstone, tconstruct:tree_log, forge:storage_blocks/apatite, forge:marble, minecraft:shulker_boxes, productivebees:flowers/gems/zircon, productivebees:flowers/gems/jade, the_bumblezone:required_blocks_under_hive_to_teleport, productivebees:flowers/gems/tanzanite, itemfilters:check_nbt, forge:ores/silver, the_bumblezone:blacklisted_teleportable_hive_blocks, minecraft:birch_logs, tconstruct:slimy_planks, tconstruct:slimy_grass/ender, create:fan_heaters, forge:storage_blocks/cats_eye, forge:glass_panes/purple, forge:storage_blocks/ludicrite, tconstruct:slimy_soil/ichor, forge:ores/iolite, silentgems:glowroses/moonstone, forge:glass/yellow, quark:pike_trophies, forge:storage_blocks/green_sapphire, forge:storage_blocks/ammolite, silentgear:netherwood_soil, productivebees:flowers/radioactive, buildinggadgets:whitelist/copy_paste, minecraft:piglin_repellants, minecraft:oak_logs, forge:storage_blocks/neptunium, forge:barrels, blockcarpentry:beds, forge:storage_blocks/alexandrite, forge:ores/inferium, forge:ores/lapis, biomesoplenty:dead_logs, the_bumblezone:flowers_blacklisted_from_pollen_puff, forge:storage_blocks/slimesteel, forge:dirt, minecraft:bamboo_plantable_on, forge:storage_blocks/jasper, quark:lead_connectable, forge:storage_blocks/pig_iron, minecraft:pressure_plates, forge:ores/nickel, create:windowable, buzzier_bees:scented_candles, forge:ores/yellorite, minecraft:jungle_logs, silentgems:glowroses/chrysoprase, refinedstorage:storage_blocks/fluids/1048576k, forge:chests/ender, forge:ores/euclase, productivebees:flowers/gems/ametrine, minecraft:spruce_logs, forge:fence_gates/wooden, forge:ores/azure_silver, forge:ores/aluminum, productivebees:flowers/gems/carnelian, minecraft:mineable/axe, ars_nouveau:sylph/kinda_likes, forge:ores/uranium, forge:glass_panes/lime, forge:storage_blocks/manyullyn, forge:storage_blocks/azure_silver, productivebees:flowers/frozen, create:windmill_sails, forge:storage_blocks/jade, endergetic:poise_plantable, sereneseasons:spring_crops, forge:ores/rose_quartz, endergetic:end_crystal_placeable, tconstruct:foundry/wall, tconstruct:smeltery/wall, forge:storage_blocks/benitoite, forge:ores/alexandrite, forge:logs, silentgems:glowroses/lepidolite, silentgems:glowroses/kyanite, bigreactors:dry_ice, productivebees:flowers/gems/aquamarine, tconstruct:greenheart_logs, forge:ores/turquoise, forge:ores/peridot, mysticalagriculture:crops, botania:terra_plate_base, productivebees:flowers/gems/garnet, forge:ores/garnet, minecraft:flowers, forge:storage_blocks/cobalt, forge:ores/agate, productivebees:nests/cold_nests, the_bumblezone:flowers_allowed_by_pollen_puff, silentgems:glowroses/green_sapphire, minecraft:planks, silentgems:supercharger_pillar/cap, forge:cobblestone, botania:special_flowers, productivebees:flowers/gems/coral, silentgems:glowroses/spinel, botania:functional_special_flowers, silentgems:glowroses/pearl, productivebees:flowers/burning, botania:terraformable, forge:storage_blocks/gold, minecraft:fence_gates, tconstruct:foundry, refinedstorage:storage_blocks/items/1024k, productivebees:flowers/powdery, forge:ores/ametrine, forge:ores, silentgems:glowroses/malachite, forge:storage_blocks/rose_quartz, tconstruct:alloyer_tanks, forge:storage_blocks/graphite, forge:sheetmetals/iron, forge:fences, forge:pollen, blockcarpentry:doors, forge:storage_blocks/diamond, minecraft:nylium, productivebees:flowers/gems/benitoite, forge:chests/personal, silentgems:glowroses/apatite]
[02Dec2025 19:42:10.581] [Thread-0/INFO] [STDOUT/]: [tschipp.carryon.common.handler.ListHandler:initConfigLists:282]: [refinedstorage:storage_blocks/fluids/65536k, forge:glass_panes/magenta, forge:ores/heliodor, forge:ores/biotite, quark:planks_vertical_slab, productivebees:flowers/gems/rose_quartz, forge:wooden_fences, quark:stools, forge:storage_blocks/netherite, forge:glass_panes/white, biomesoplenty:hellbark_logs, skyblockbuilder:additional_valid_spawn, productivebees:flowers/gems/topaz, silentgems:glowroses/topaz, tconstruct:slimy_leaves, forge:glass_panes/light_gray, forge:storage_blocks/nickel, forge:ores/coral, botania:floating_flowers, forge:ores/sunstone, productivebees:flowers/gems/sunstone, productivebees:flowers/gems/pearl, forge:storage_blocks/turquoise, productivebees:nests/nether_brick_nests, forge:storage_blocks/ametrine, tconstruct:harvestable/stackable, productivebees:advanced_beehives, tconstruct:slimy_nylium, refinedstorage:storage_blocks/items, quark:candles, minecraft:dragon_immune, farmersdelight:heat_sources, gardenofglass:pebble_sources, forge:glass/pink, forge:chests, forge:storage_blocks/emerald, forge:ores/redstone, silentgems:gem_blocks, tconstruct:foundry/floor, tconstruct:harvestable, forge:storage_blocks/uranium, forge:sheetmetals/nickel, tconstruct:foundry/tanks, forge:ores/crimson_iron, forge:glass/red, chiselsandbits:chiselable/forced, forge:sheetmetals/steel, ftbchunks:interact_whitelist, refinedstorage:storage_blocks/items/16384k, forge:ores/lepidolite, silentgems:glowroses/zircon, forge:glass_panes/green, silentgems:glowroses/moldavite, carryon:block_blacklist, productivebees:flowers/gems/phosphophyllite, forge:storage_blocks/chaos_iron, minecraft:prevent_mob_spawning_inside, forge:chests/trapped, forge:storage_blocks/peridot, productivebees:flowers/ferric_flowers, forge:fence_gates, productivebees:flowers/crystalline_flowers, buildinggadgets:whitelist/generic, productivebees:flowers/gems/lepidolite, silentgems:glowroses/aquamarine, tconstruct:scorched_blocks, forge:ores/pyrope, productivebees:nests/nether_quartz_nests, forge:sandstone, ceramics:cistern_connections, forge:storage_blocks/copper, forge:glass_panes/colorless, silentgems:glowroses/morganite, forge:storage_blocks/aquamarine, silentgems:glowroses/iolite, productivebees:flowers/gems/kunzite, the_bumblezone:blacklisted_productive_bees_combs, productivebees:flowers/gems/pyrope, productivebees:flowers/gems/black_opal, forge:storage_blocks/iolite, productivebees:solitary_overworld_nests, forge:storage_blocks/tektite, productivebees:flowers/end_flowers, forge:ores/bort, forge:storage_blocks/chaos, silentgems:glowroses/onyx, forge:storage_blocks/azure_electrum, forge:storage_blocks/lapis, productivebees:nests/end_nests, minecraft:beds, forge:sheetmetals/aluminum, tconstruct:seared_bricks, forge:ores/diamond, silentgems:fluffy_blocks, forge:ores/lead, productivebees:flowers/sulfur, minecraft:doors, forge:ores/prosperity, productivebees:flowers/gems/citrine, productivebees:flowers/river_flowers, tconstruct:slimy_soil/vanilla, forge:relocation_not_supported, forge:ores/pearl, minecraft:infiniburn_overworld, minecraft:flower_pots, productivebees:flowers/glowing_flowers, buzzier_bees:dyed_candles, buildinggadgets:blacklist/building, forge:storage_blocks/wax, forge:ores/malachite, silentgems:glowroses/black_diamond, forge:ores/tin, forge:glass/white, forge:storage_blocks/chaos_coal, silentgems:pedestals, forge:glass_panes/red, minecraft:signs, farmersdelight:mushroom_colony_growable_on, biomesoplenty:willow_logs, minecraft:wither_summon_base_blocks, botania:mundane_floating_flowers, forge:storage_blocks/tanzanite, forge:storage_blocks/morganite, mcwbridges:stone_piers, forge:storage_blocks/osmium, minecraft:hoglin_repellents, mekanism:cardboard_blacklist, productivebees:flowers/gems/green_sapphire, forge:storage_blocks/malachite, create:fan_transparent, forge:ores/topaz, endergetic:poise_stems, botania:mini_flowers, minecraft:mineable/shovel, minecraft:logs/archwood, forge:storage_blocks/spinel, forge:storage_blocks/sapphire, forge:sand/colorless, endergetic:end_plantable, forge:storage_blocks/kyanite, forge:ores/jade, mcwwindows:gothic, quark:wooden_vertical_slabs, tconstruct:harvestable/crops, forge:storage_blocks/crimson_iron, forge:storage_blocks/bort, minecraft:soul_speed_blocks, forge:storage_blocks/charcoal, forge:sheetmetals/copper, forge:storage_blocks/moonstone, silentgems:glowroses/heliodor, silentgems:glowroses/tektite, minecraft:walls, productivebees:flowers/gems/malachite, tconstruct:slimy_logs, minecraft:coral_blocks, forge:storage_blocks/black_diamond, tconstruct:slimy_grass, forge:ores/yellow_diamond, forge:glass/green, forge:storage_blocks/lead, refinedstorage:storage_blocks/items/4096k, silentgear:prospector_hammer_targets, tconstruct:slimy_soil/ender, forge:fences/aluminum, forge:ores/tektite, minecraft:underwater_bonemeals, forge:ores/moldavite, forge:ores/soulium, productivebees:flowers/gems/euclase, ftbchunks:edit_whitelist, minecraft:impermeable, minecraft:sand, productivebees:flowers/gems/alexandrite, forge:end_stones, forge:storage_blocks/fluorite, biomesoplenty:fir_logs, forge:sandstone/colorless, silentgems:glowroses/sunstone, forge:storage_blocks/terrasteel, forge:wg_stone, forge:storage_blocks/ridiculite, forge:storage_blocks/inanite, forge:treated_wood, forge:fences/wooden, sereneseasons:summer_crops, minecraft:campfires, forge:storage_blocks, forge:sheetmetals/uranium, minecraft:infiniburn_nether, silentgems:glowroses/opal, productivebees:flowers/gems/ruby, tconstruct:fuel_tanks, ars_nouveau:an_decorative, forge:glass_panes/orange, tconstruct:slimy_soil, forge:beds, forge:storage_blocks/heliodor, forge:ores/quartz, forge:ores/cobalt, forge:storage_blocks/garnet, forge:glass/blue, ars_nouveau:harvest/foliage, minecraft:wooden_trapdoors, productivebees:nests/sugarbag_nests, create:valve_handles, silentgems:glowroses/ruby, productivebees:flowers/gems/opal, buildinggadgets:blacklist/copy_paste, forge:storage_blocks/coal, forge:glass/light_blue, forge:ores/chrysoprase, silentgems:glowroses/garnet, forge:storage_blocks/euclase, botania:special_floating_flowers, forge:storage_blocks/redstone, productivebees:flowers/gems/jasper, forge:storage_blocks/yellow_diamond, forge:storage_blocks/amethyst, minecraft:stairs, forge:logs/archwood, silentgems:glowroses/alexandrite, quark:underground_biome_replaceable, sereneseasons:unbreakable_infertile_crops, refinedstorage:storage_blocks/items/256k, minecraft:logs, forge:sandstone/red, forge:storage_blocks/coral, forge:treated_wood_slab, forge:ores/green_sapphire, mekanism:miner_blacklist, minecraft:valid_spawn, minecraft:mushroom_grow_block, productivebees:flowers/cupric, quark:wraith_spawnable, minecraft:wooden_doors, silentgems:glowroses/rose_quartz, refinedstorage:storage_blocks, productivebees:flowers/forest_flowers, silentgems:glowroses/turquoise, sereneseasons:autumn_crops, tconstruct:planklike, silentgems:glowroses/euclase, forge:glass/purple, forge:storage_blocks/opal, quark:slime_blocks, minecraft:fences/wooden, minecraft:crimson_stems, productivebees:flowers/arid_flowers, productivebees:nether_gold_nests, minecraft:needs_stone_tool, productivebees:flowers/quarry, quark:vertical_slab, quark:hedges, productivebees:flowers/gems/cats_eye, forge:storage_blocks/ruby, forge:storage_blocks/blutonium, silentgems:glowroses/phosphophyllite, forge:ores/kyanite, tconstruct:slime_block, gravestone:grave_replaceable, minecraft:beacon_base_blocks, tconstruct:scorched_tanks, silentgems:corruptables/dirt, productivebees:nests/glowstone_nests, productivebees:flowers/gems/turquoise, forge:storage_blocks/lepidolite, minecraft:anvil, forge:sand, minecraft:wall_corals, forge:sheetmetals/lead, silentgems:glowroses/pyrope, the_bumblezone:wrath_activating_blocks_when_mined, mcwbridges:stone_bridges, forge:storage_blocks/silver, forge:ores/gold, mcwwindows:parapets, forge:storage_blocks/hepatizon, botania:mystical_flowers, forge:ores/tanzanite, productivebees:flowers/prismarine, minecraft:piglin_repellents, forge:storage_blocks/pearl, forge:ores/aquamarine, biomesoplenty:palm_logs, forge:glass/black, minecraft:portals, forge:ores/phosphophyllite, forge:fences/nether_brick, forge:glass/lime, forge:chests/wooden, forge:storage_blocks/aluminum, immersiveengineering:scaffoldings/aluminum, forge:ores/iron, silentgems:corruptables/stone, forge:storage_blocks/biotite, forge:storage_blocks/sulfur, forge:ores/benitoite, buzzier_bees:candles, botania:double_mystical_flowers, minecraft:wooden_stairs, forge:ores/cats_eye, minecraft:carpets, minecraft:base_stone_overworld, minecraft:wooden_buttons, forge:ores/spinel, quark:crystal, biomesoplenty:umbran_logs, forge:storage_blocks/kunzite, forge:fences/fence_gates, mcwbridges:bamboo_piers, forge:storage_blocks/glowstone, productivebees:flowers/slimy, minecraft:stone_bricks, forge:storage_blocks/quartz, silentgems:glowroses/citrine, forge:glass/orange, mcwwindows:shutters, forge:planks/archwood, forge:storage_blocks/moldavite, silentgems:glowroses/peridot, minecraft:slabs, forge:ores/moonstone, minecraft:guarded_by_piglins, forge:storage_blocks/topaz, forge:ores/emerald, the_bumblezone:blacklisted_resourceful_bees_combs, buildinggadgets:whitelist/exchanging, tconstruct:congealed_slime, forge:ores/sodalite, botania:misc_special_flowers, chiselsandbits:chiselable/blocked, forge:ores/apatite, forge:ores/carnelian, productivebees:flowers/gems/heliodor, minecraft:buttons, minecraft:corals, quark:foxhound_spawnable, mcwbridges:stone_stairs, productivebees:flowers/draconic_flowers, productivebees:flowers/gilded_flowers, minecraft:rails, productivebees:flowers/graves, forge:barrels/wooden, tconstruct:harvestable/interact, forge:storage_blocks/zircon, tconstruct:slimy_grass/earth, botania:gaia_break_blacklist, minecraft:strider_warm_blocks, forge:ores/morganite, forge:storage_blocks/clay, forge:ores/black_diamond, silentgems:glowroses/cats_eye, endergetic:chorus_plantable, mcwbridges:log_bridges, minecraft:bee_growables, minecraft:wooden_pressure_plates, create:brittle, minecraft:tall_flowers, biomesoplenty:redwood_logs, productivebees:flowers/gems/spinel, biomesoplenty:jacaranda_logs, forge:doors, refinedstorage:storage_blocks/fluids/16384k, tconstruct:heater_controllers, silentgems:glowroses, forge:bookshelves, minecraft:stone_pressure_plates, silentgems:glowroses/sodalite, mcwwindows:mosaic_glass_pane, minecraft:gold_ores, blockcarpentry:fences, forge:sheetmetals/silver, mcwwindows:windows_four, forge:glass_panes/pink, tconstruct:smeltery, forge:storage_blocks/crimson_steel, forge:netherrack, forge:storage_blocks/phosphophyllite, forge:storage_blocks/chrysoprase, create:non_movable, minecraft:soul_fire_base_blocks, forge:sheetmetals, refinedstorage:storage_blocks/fluids, farmersdelight:unaffected_by_rich_soil, productivebees:flowers/gems/ammolite, silentgems:glowroses/benitoite, productivebees:flowers/gems/sapphire, ars_nouveau:sylph/greatly_likes, silentgems:hardened_rocks, forge:gravel, silentgems:glowroses/amethyst, forge:glass_panes/cyan, forge:ores/onyx, productivebees:flowers/ender, biomesoplenty:magic_logs, minecraft:wool, silentgear:netherwood_logs, forge:glass/colorless, ars_nouveau:harvest/stems, productivebees:flowers/gems/fluorite, forge:ores/mana_gem, forge:glass_panes/light_blue, productivebees:flowers/gems/emerald, minecraft:beehives, forge:storage_blocks/cyanite, minecraft:ice, forge:ores/citrine, productivebees:expansion_boxes, forge:ores/zinc, forge:ores/netherite_scrap, minecraft:crops, quark:quilted_wools, forge:stained_glass, forge:storage_blocks/tyrian_steel, mcwwindows:mosaic_glass, forge:storage_blocks/amber, minecraft:warped_stems, mcwwindows:arrow_slit, botania:magnet_ring_blacklist, forge:fences/steel, forge:storage_blocks/coal_coke, productivebees:flowers/gems/sodalite, forge:storage_blocks/iron, create:seats, tconstruct:smeltery/tanks, forge:glass_panes/brown, silentgems:glowroses/amber, silentgems:glowroses/yellow_diamond, mcwwindows:blinds, create:wrench_pickup, forge:ores/sapphire, botania:corporea_spark_override, minecraft:climbable, forge:storage_blocks/agate, minecraft:leaves/archwood_leaves, silentgems:supercharger_pillar/level1, silentgems:supercharger_pillar/level3, silentgems:glowroses/kunzite, silentgems:supercharger_pillar/level2, refinedstorage:storage_blocks/fluids/262144k, storagedrawers:drawers, minecraft:dark_oak_logs, farmersdelight:compost_activators, forge:storage_blocks/steel, mcwbridges:rope_bridges, ars_nouveau:magic_saplings, quark:ladders, forge:planks, minecraft:coral_plants, farmersdelight:tray_heat_sources, forge:glass_panes, minecraft:non_flammable_wood, buildinggadgets:blacklist/generic, tconstruct:chrysophilite_ores, ars_nouveau:an_decorative/stone, forge:ores/fluorite, productivebees:flowers/gems/tektite, forge:storage_blocks/refined_glowstone, forge:mushrooms, productivebees:flowers/gems/peridot, tconstruct:seared_blocks, silentgems:glowroses/fluorite, botania:livingwood, productivebees:flowers/gems/morganite, forge:storage_blocks/bronze, tconstruct:slimy_soil/earth, silentgems:glowroses/sapphire, productivebees:flowers/gems/yellow_diamond, forge:storage_blocks/soulsteel, create:safe_nbt, forge:storage_blocks/carnelian, forge:sheetmetals/gold, productivebees:flowers/gems/chrysoprase, blockcarpentry:walls, buildinggadgets:blacklist/destruction, minecraft:fences, minecraft:saplings, productivebees:flowers/swamp_flowers, forge:storage_blocks/tin, forge:ores/copper, minecraft:mineable/pickaxe, mcwbridges:bamboo_stairs, minecraft:unstable_bottom_center, productivebees:flowers/gems/moldavite, mcwbridges:wooden_piers, minecraft:enderman_holdable, productivebees:nests/soul_sand_nests, minecraft:banners, forge:storage_blocks/electrum, minecraft:wooden_fences, forge:storage_blocks/knightslime, forge:sheetmetals/constantan, minecraft:wall_post_override, tconstruct:anvil_metal, mcwwindows:windows, silentgems:glowroses/ammolite, forge:obsidian, forge:storage_blocks/blaze_gold, tconstruct:slimy_nylium/ichor, forge:enderman_place_on_blacklist, productivebees:flowers/snow_flowers, silentgems:glowroses/agate, forge:chests/electric, forge:storage_blocks/citrine, biomesoplenty:mahogany_logs, forge:storage_blocks/honeycombs, productivebees:nests/wood_nests, buildinggadgets:whitelist/building, productivebees:flowers/gems/amber, productivebees:nests/bumble_bee, productivebees:flowers/gems/amethyst, botania:livingrock, forge:glass/magenta, forge:ores/coal, forge:storage_blocks/constantan, minecraft:fire, productivebees:flowers/gems/black_diamond, forge:sheetmetals/electrum, productivebees:flowers/gems/tourmaline, productivebees:flowers/gems/onyx, minecraft:needs_diamond_tool, minecraft:base_stone_nether, minecraft:wall_signs, tconstruct:seared_tanks, quark:vertical_slabs, productivebees:flowers/wither_flowers, productivebees:flowers/souled_flowers, carryon:block_whitelist, productivebees:flowers/crystalline, forge:storage_blocks/elementium, minecraft:trapdoors, ars_nouveau:harvest/fellable, tconstruct:smeltery/floor, tconstruct:slimy_grass/sky, forge:glass/cyan, botania:shiny_flowers, quark:crab_spawnable, forge:glass, forge:ores/ammolite, mcwbridges:log_stairs, forge:storage_blocks/magentite, tconstruct:skyroot_logs, forge:wooden_doors, tconstruct:slimy_soil/sky, minecraft:leaves, buzzier_bees:flower_blacklist, forge:storage_blocks/pewter, forge:storage_blocks/yellorium, forge:storage_blocks/rose_gold, forge:storage_blocks/brass, forge:ores/amethyst, forge:glass_panes/gray, minecraft:wither_immune, forge:ores/jasper, forge:ores/ruby, minecraft:acacia_logs, forge:storage_blocks/arcane_gold, elevatorid:elevators, forge:storage_blocks/silicon_bronze, tconstruct:slimy_tree_trunks, productivebees:flowers/redstone, forge:stained_glass_panes, immersiveengineering:scaffoldings/steel, productivebees:flowers/magmatic_flowers, forge:storage_blocks/queens_slime, mcwbridges:rope_stairs, forge:ores/opal, silentgems:glowroses/carnelian, forge:storage_blocks/zinc, forge:sand/red, the_bumblezone:honeycombs_that_features_can_carve, productivebees:flowers/gems/kyanite, forge:workbenches, forge:glass/brown, forge:storage_blocks/onyx, create:sails, minecraft:logs_that_burn, minecraft:mineable/hoe, silentgems:glowroses/jasper, minecraft:needs_iron_tool, forge:glass/gray, endergetic:ender_fire_base_blocks, productivebees:nests/reed_nests, forge:glass/light_gray, forge:storage_blocks/pyrope, forge:walls/walls, minecraft:wooden_slabs, productivebees:solitary_nests, create:toolboxes, productivebees:flowers/fiery, minecraft:small_flowers, productivebees:flowers/gems/diamond, forge:storage_blocks/refined_obsidian, mekanism:atomic_disassembler_ore, silentgems:glowroses/ametrine, botania:enchanter_flowers, forge:ores/osmium, silentgems:glowroses/coral, productivebees:flowers/gems/moonstone, mcwbridges:rail_bridges, forge:glass_panes/black, farmersdelight:wild_crops, silentgems:glowroses/tanzanite, forge:storage_blocks/manasteel, mcwwindows:curtains, productivebees:flowers/gems/apatite, sereneseasons:winter_crops, forge:ores/zircon, forge:glass_panes/blue, productivebees:nests/draconic_nests, tconstruct:slimy_nylium/blood, productivebees:flowers/gems/iolite, tconstruct:bloodshroom_logs, silentgear:fluffy_blocks, tconstruct:tables, forge:ores/kunzite, tconstruct:slimy_saplings, forge:ores/amber, silentgems:glowroses/jade, buildinggadgets:blacklist/exchanging, forge:stone, mcwbridges:bamboo_bridges, minecraft:standing_signs, minecraft:infiniburn_end, productivebees:nests/slimy_nests, forge:glass_panes/yellow, buildinggadgets:whitelist/destruction, ars_nouveau:magic_plants, mcwwindows:windows_two, biomesoplenty:cherry_logs, minecraft:wart_blocks, productivebees:flowers/nether_flowers, minecraft:planks/archwood, forge:storage_blocks/sodalite, botania:generating_special_flowers, farmersdelight:heat_conductors, productivebees:flowers/gems/agate, forge:storage_blocks/sunstone, tconstruct:tree_log, forge:storage_blocks/apatite, forge:marble, minecraft:shulker_boxes, productivebees:flowers/gems/zircon, productivebees:flowers/gems/jade, the_bumblezone:required_blocks_under_hive_to_teleport, productivebees:flowers/gems/tanzanite, itemfilters:check_nbt, forge:ores/silver, the_bumblezone:blacklisted_teleportable_hive_blocks, minecraft:birch_logs, tconstruct:slimy_planks, tconstruct:slimy_grass/ender, create:fan_heaters, forge:storage_blocks/cats_eye, forge:glass_panes/purple, forge:storage_blocks/ludicrite, tconstruct:slimy_soil/ichor, forge:ores/iolite, silentgems:glowroses/moonstone, forge:glass/yellow, quark:pike_trophies, forge:storage_blocks/green_sapphire, forge:storage_blocks/ammolite, silentgear:netherwood_soil, productivebees:flowers/radioactive, buildinggadgets:whitelist/copy_paste, minecraft:piglin_repellants, minecraft:oak_logs, forge:storage_blocks/neptunium, forge:barrels, blockcarpentry:beds, forge:storage_blocks/alexandrite, forge:ores/inferium, forge:ores/lapis, biomesoplenty:dead_logs, the_bumblezone:flowers_blacklisted_from_pollen_puff, forge:storage_blocks/slimesteel, forge:dirt, minecraft:bamboo_plantable_on, forge:storage_blocks/jasper, quark:lead_connectable, forge:storage_blocks/pig_iron, minecraft:pressure_plates, forge:ores/nickel, create:windowable, buzzier_bees:scented_candles, forge:ores/yellorite, minecraft:jungle_logs, silentgems:glowroses/chrysoprase, refinedstorage:storage_blocks/fluids/1048576k, forge:chests/ender, forge:ores/euclase, productivebees:flowers/gems/ametrine, minecraft:spruce_logs, forge:fence_gates/wooden, forge:ores/azure_silver, forge:ores/aluminum, productivebees:flowers/gems/carnelian, minecraft:mineable/axe, ars_nouveau:sylph/kinda_likes, forge:ores/uranium, forge:glass_panes/lime, forge:storage_blocks/manyullyn, forge:storage_blocks/azure_silver, productivebees:flowers/frozen, create:windmill_sails, forge:storage_blocks/jade, endergetic:poise_plantable, sereneseasons:spring_crops, forge:ores/rose_quartz, endergetic:end_crystal_placeable, tconstruct:foundry/wall, tconstruct:smeltery/wall, forge:storage_blocks/benitoite, forge:ores/alexandrite, forge:logs, silentgems:glowroses/lepidolite, silentgems:glowroses/kyanite, bigreactors:dry_ice, productivebees:flowers/gems/aquamarine, tconstruct:greenheart_logs, forge:ores/turquoise, forge:ores/peridot, mysticalagriculture:crops, botania:terra_plate_base, productivebees:flowers/gems/garnet, forge:ores/garnet, minecraft:flowers, forge:storage_blocks/cobalt, forge:ores/agate, productivebees:nests/cold_nests, the_bumblezone:flowers_allowed_by_pollen_puff, silentgems:glowroses/green_sapphire, minecraft:planks, silentgems:supercharger_pillar/cap, forge:cobblestone, botania:special_flowers, productivebees:flowers/gems/coral, silentgems:glowroses/spinel, botania:functional_special_flowers, silentgems:glowroses/pearl, productivebees:flowers/burning, botania:terraformable, forge:storage_blocks/gold, minecraft:fence_gates, tconstruct:foundry, refinedstorage:storage_blocks/items/1024k, productivebees:flowers/powdery, forge:ores/ametrine, forge:ores, silentgems:glowroses/malachite, forge:storage_blocks/rose_quartz, tconstruct:alloyer_tanks, forge:storage_blocks/graphite, forge:sheetmetals/iron, forge:fences, forge:pollen, blockcarpentry:doors, forge:storage_blocks/diamond, minecraft:nylium, productivebees:flowers/gems/benitoite, forge:chests/personal, silentgems:glowroses/apatite]
[02Dec2025 19:42:10.585] [Thread-0/INFO] [STDOUT/]: [tschipp.carryon.common.handler.ListHandler:initConfigLists:282]: [refinedstorage:storage_blocks/fluids/65536k, forge:glass_panes/magenta, forge:ores/heliodor, forge:ores/biotite, quark:planks_vertical_slab, productivebees:flowers/gems/rose_quartz, forge:wooden_fences, quark:stools, forge:storage_blocks/netherite, forge:glass_panes/white, biomesoplenty:hellbark_logs, skyblockbuilder:additional_valid_spawn, productivebees:flowers/gems/topaz, silentgems:glowroses/topaz, tconstruct:slimy_leaves, forge:glass_panes/light_gray, forge:storage_blocks/nickel, forge:ores/coral, botania:floating_flowers, forge:ores/sunstone, productivebees:flowers/gems/sunstone, productivebees:flowers/gems/pearl, forge:storage_blocks/turquoise, productivebees:nests/nether_brick_nests, forge:storage_blocks/ametrine, tconstruct:harvestable/stackable, productivebees:advanced_beehives, tconstruct:slimy_nylium, refinedstorage:storage_blocks/items, quark:candles, minecraft:dragon_immune, farmersdelight:heat_sources, gardenofglass:pebble_sources, forge:glass/pink, forge:chests, forge:storage_blocks/emerald, forge:ores/redstone, silentgems:gem_blocks, tconstruct:foundry/floor, tconstruct:harvestable, forge:storage_blocks/uranium, forge:sheetmetals/nickel, tconstruct:foundry/tanks, forge:ores/crimson_iron, forge:glass/red, chiselsandbits:chiselable/forced, forge:sheetmetals/steel, ftbchunks:interact_whitelist, refinedstorage:storage_blocks/items/16384k, forge:ores/lepidolite, silentgems:glowroses/zircon, forge:glass_panes/green, silentgems:glowroses/moldavite, carryon:block_blacklist, productivebees:flowers/gems/phosphophyllite, forge:storage_blocks/chaos_iron, minecraft:prevent_mob_spawning_inside, forge:chests/trapped, forge:storage_blocks/peridot, productivebees:flowers/ferric_flowers, forge:fence_gates, productivebees:flowers/crystalline_flowers, buildinggadgets:whitelist/generic, productivebees:flowers/gems/lepidolite, silentgems:glowroses/aquamarine, tconstruct:scorched_blocks, forge:ores/pyrope, productivebees:nests/nether_quartz_nests, forge:sandstone, ceramics:cistern_connections, forge:storage_blocks/copper, forge:glass_panes/colorless, silentgems:glowroses/morganite, forge:storage_blocks/aquamarine, silentgems:glowroses/iolite, productivebees:flowers/gems/kunzite, the_bumblezone:blacklisted_productive_bees_combs, productivebees:flowers/gems/pyrope, productivebees:flowers/gems/black_opal, forge:storage_blocks/iolite, productivebees:solitary_overworld_nests, forge:storage_blocks/tektite, productivebees:flowers/end_flowers, forge:ores/bort, forge:storage_blocks/chaos, silentgems:glowroses/onyx, forge:storage_blocks/azure_electrum, forge:storage_blocks/lapis, productivebees:nests/end_nests, minecraft:beds, forge:sheetmetals/aluminum, tconstruct:seared_bricks, forge:ores/diamond, silentgems:fluffy_blocks, forge:ores/lead, productivebees:flowers/sulfur, minecraft:doors, forge:ores/prosperity, productivebees:flowers/gems/citrine, productivebees:flowers/river_flowers, tconstruct:slimy_soil/vanilla, forge:relocation_not_supported, forge:ores/pearl, minecraft:infiniburn_overworld, minecraft:flower_pots, productivebees:flowers/glowing_flowers, buzzier_bees:dyed_candles, buildinggadgets:blacklist/building, forge:storage_blocks/wax, forge:ores/malachite, silentgems:glowroses/black_diamond, forge:ores/tin, forge:glass/white, forge:storage_blocks/chaos_coal, silentgems:pedestals, forge:glass_panes/red, minecraft:signs, farmersdelight:mushroom_colony_growable_on, biomesoplenty:willow_logs, minecraft:wither_summon_base_blocks, botania:mundane_floating_flowers, forge:storage_blocks/tanzanite, forge:storage_blocks/morganite, mcwbridges:stone_piers, forge:storage_blocks/osmium, minecraft:hoglin_repellents, mekanism:cardboard_blacklist, productivebees:flowers/gems/green_sapphire, forge:storage_blocks/malachite, create:fan_transparent, forge:ores/topaz, endergetic:poise_stems, botania:mini_flowers, minecraft:mineable/shovel, minecraft:logs/archwood, forge:storage_blocks/spinel, forge:storage_blocks/sapphire, forge:sand/colorless, endergetic:end_plantable, forge:storage_blocks/kyanite, forge:ores/jade, mcwwindows:gothic, quark:wooden_vertical_slabs, tconstruct:harvestable/crops, forge:storage_blocks/crimson_iron, forge:storage_blocks/bort, minecraft:soul_speed_blocks, forge:storage_blocks/charcoal, forge:sheetmetals/copper, forge:storage_blocks/moonstone, silentgems:glowroses/heliodor, silentgems:glowroses/tektite, minecraft:walls, productivebees:flowers/gems/malachite, tconstruct:slimy_logs, minecraft:coral_blocks, forge:storage_blocks/black_diamond, tconstruct:slimy_grass, forge:ores/yellow_diamond, forge:glass/green, forge:storage_blocks/lead, refinedstorage:storage_blocks/items/4096k, silentgear:prospector_hammer_targets, tconstruct:slimy_soil/ender, forge:fences/aluminum, forge:ores/tektite, minecraft:underwater_bonemeals, forge:ores/moldavite, forge:ores/soulium, productivebees:flowers/gems/euclase, ftbchunks:edit_whitelist, minecraft:impermeable, minecraft:sand, productivebees:flowers/gems/alexandrite, forge:end_stones, forge:storage_blocks/fluorite, biomesoplenty:fir_logs, forge:sandstone/colorless, silentgems:glowroses/sunstone, forge:storage_blocks/terrasteel, forge:wg_stone, forge:storage_blocks/ridiculite, forge:storage_blocks/inanite, forge:treated_wood, forge:fences/wooden, sereneseasons:summer_crops, minecraft:campfires, forge:storage_blocks, forge:sheetmetals/uranium, minecraft:infiniburn_nether, silentgems:glowroses/opal, productivebees:flowers/gems/ruby, tconstruct:fuel_tanks, ars_nouveau:an_decorative, forge:glass_panes/orange, tconstruct:slimy_soil, forge:beds, forge:storage_blocks/heliodor, forge:ores/quartz, forge:ores/cobalt, forge:storage_blocks/garnet, forge:glass/blue, ars_nouveau:harvest/foliage, minecraft:wooden_trapdoors, productivebees:nests/sugarbag_nests, create:valve_handles, silentgems:glowroses/ruby, productivebees:flowers/gems/opal, buildinggadgets:blacklist/copy_paste, forge:storage_blocks/coal, forge:glass/light_blue, forge:ores/chrysoprase, silentgems:glowroses/garnet, forge:storage_blocks/euclase, botania:special_floating_flowers, forge:storage_blocks/redstone, productivebees:flowers/gems/jasper, forge:storage_blocks/yellow_diamond, forge:storage_blocks/amethyst, minecraft:stairs, forge:logs/archwood, silentgems:glowroses/alexandrite, quark:underground_biome_replaceable, sereneseasons:unbreakable_infertile_crops, refinedstorage:storage_blocks/items/256k, minecraft:logs, forge:sandstone/red, forge:storage_blocks/coral, forge:treated_wood_slab, forge:ores/green_sapphire, mekanism:miner_blacklist, minecraft:valid_spawn, minecraft:mushroom_grow_block, productivebees:flowers/cupric, quark:wraith_spawnable, minecraft:wooden_doors, silentgems:glowroses/rose_quartz, refinedstorage:storage_blocks, productivebees:flowers/forest_flowers, silentgems:glowroses/turquoise, sereneseasons:autumn_crops, tconstruct:planklike, silentgems:glowroses/euclase, forge:glass/purple, forge:storage_blocks/opal, quark:slime_blocks, minecraft:fences/wooden, minecraft:crimson_stems, productivebees:flowers/arid_flowers, productivebees:nether_gold_nests, minecraft:needs_stone_tool, productivebees:flowers/quarry, quark:vertical_slab, quark:hedges, productivebees:flowers/gems/cats_eye, forge:storage_blocks/ruby, forge:storage_blocks/blutonium, silentgems:glowroses/phosphophyllite, forge:ores/kyanite, tconstruct:slime_block, gravestone:grave_replaceable, minecraft:beacon_base_blocks, tconstruct:scorched_tanks, silentgems:corruptables/dirt, productivebees:nests/glowstone_nests, productivebees:flowers/gems/turquoise, forge:storage_blocks/lepidolite, minecraft:anvil, forge:sand, minecraft:wall_corals, forge:sheetmetals/lead, silentgems:glowroses/pyrope, the_bumblezone:wrath_activating_blocks_when_mined, mcwbridges:stone_bridges, forge:storage_blocks/silver, forge:ores/gold, mcwwindows:parapets, forge:storage_blocks/hepatizon, botania:mystical_flowers, forge:ores/tanzanite, productivebees:flowers/prismarine, minecraft:piglin_repellents, forge:storage_blocks/pearl, forge:ores/aquamarine, biomesoplenty:palm_logs, forge:glass/black, minecraft:portals, forge:ores/phosphophyllite, forge:fences/nether_brick, forge:glass/lime, forge:chests/wooden, forge:storage_blocks/aluminum, immersiveengineering:scaffoldings/aluminum, forge:ores/iron, silentgems:corruptables/stone, forge:storage_blocks/biotite, forge:storage_blocks/sulfur, forge:ores/benitoite, buzzier_bees:candles, botania:double_mystical_flowers, minecraft:wooden_stairs, forge:ores/cats_eye, minecraft:carpets, minecraft:base_stone_overworld, minecraft:wooden_buttons, forge:ores/spinel, quark:crystal, biomesoplenty:umbran_logs, forge:storage_blocks/kunzite, forge:fences/fence_gates, mcwbridges:bamboo_piers, forge:storage_blocks/glowstone, productivebees:flowers/slimy, minecraft:stone_bricks, forge:storage_blocks/quartz, silentgems:glowroses/citrine, forge:glass/orange, mcwwindows:shutters, forge:planks/archwood, forge:storage_blocks/moldavite, silentgems:glowroses/peridot, minecraft:slabs, forge:ores/moonstone, minecraft:guarded_by_piglins, forge:storage_blocks/topaz, forge:ores/emerald, the_bumblezone:blacklisted_resourceful_bees_combs, buildinggadgets:whitelist/exchanging, tconstruct:congealed_slime, forge:ores/sodalite, botania:misc_special_flowers, chiselsandbits:chiselable/blocked, forge:ores/apatite, forge:ores/carnelian, productivebees:flowers/gems/heliodor, minecraft:buttons, minecraft:corals, quark:foxhound_spawnable, mcwbridges:stone_stairs, productivebees:flowers/draconic_flowers, productivebees:flowers/gilded_flowers, minecraft:rails, productivebees:flowers/graves, forge:barrels/wooden, tconstruct:harvestable/interact, forge:storage_blocks/zircon, tconstruct:slimy_grass/earth, botania:gaia_break_blacklist, minecraft:strider_warm_blocks, forge:ores/morganite, forge:storage_blocks/clay, forge:ores/black_diamond, silentgems:glowroses/cats_eye, endergetic:chorus_plantable, mcwbridges:log_bridges, minecraft:bee_growables, minecraft:wooden_pressure_plates, create:brittle, minecraft:tall_flowers, biomesoplenty:redwood_logs, productivebees:flowers/gems/spinel, biomesoplenty:jacaranda_logs, forge:doors, refinedstorage:storage_blocks/fluids/16384k, tconstruct:heater_controllers, silentgems:glowroses, forge:bookshelves, minecraft:stone_pressure_plates, silentgems:glowroses/sodalite, mcwwindows:mosaic_glass_pane, minecraft:gold_ores, blockcarpentry:fences, forge:sheetmetals/silver, mcwwindows:windows_four, forge:glass_panes/pink, tconstruct:smeltery, forge:storage_blocks/crimson_steel, forge:netherrack, forge:storage_blocks/phosphophyllite, forge:storage_blocks/chrysoprase, create:non_movable, minecraft:soul_fire_base_blocks, forge:sheetmetals, refinedstorage:storage_blocks/fluids, farmersdelight:unaffected_by_rich_soil, productivebees:flowers/gems/ammolite, silentgems:glowroses/benitoite, productivebees:flowers/gems/sapphire, ars_nouveau:sylph/greatly_likes, silentgems:hardened_rocks, forge:gravel, silentgems:glowroses/amethyst, forge:glass_panes/cyan, forge:ores/onyx, productivebees:flowers/ender, biomesoplenty:magic_logs, minecraft:wool, silentgear:netherwood_logs, forge:glass/colorless, ars_nouveau:harvest/stems, productivebees:flowers/gems/fluorite, forge:ores/mana_gem, forge:glass_panes/light_blue, productivebees:flowers/gems/emerald, minecraft:beehives, forge:storage_blocks/cyanite, minecraft:ice, forge:ores/citrine, productivebees:expansion_boxes, forge:ores/zinc, forge:ores/netherite_scrap, minecraft:crops, quark:quilted_wools, forge:stained_glass, forge:storage_blocks/tyrian_steel, mcwwindows:mosaic_glass, forge:storage_blocks/amber, minecraft:warped_stems, mcwwindows:arrow_slit, botania:magnet_ring_blacklist, forge:fences/steel, forge:storage_blocks/coal_coke, productivebees:flowers/gems/sodalite, forge:storage_blocks/iron, create:seats, tconstruct:smeltery/tanks, forge:glass_panes/brown, silentgems:glowroses/amber, silentgems:glowroses/yellow_diamond, mcwwindows:blinds, create:wrench_pickup, forge:ores/sapphire, botania:corporea_spark_override, minecraft:climbable, forge:storage_blocks/agate, minecraft:leaves/archwood_leaves, silentgems:supercharger_pillar/level1, silentgems:supercharger_pillar/level3, silentgems:glowroses/kunzite, silentgems:supercharger_pillar/level2, refinedstorage:storage_blocks/fluids/262144k, storagedrawers:drawers, minecraft:dark_oak_logs, farmersdelight:compost_activators, forge:storage_blocks/steel, mcwbridges:rope_bridges, ars_nouveau:magic_saplings, quark:ladders, forge:planks, minecraft:coral_plants, farmersdelight:tray_heat_sources, forge:glass_panes, minecraft:non_flammable_wood, buildinggadgets:blacklist/generic, tconstruct:chrysophilite_ores, ars_nouveau:an_decorative/stone, forge:ores/fluorite, productivebees:flowers/gems/tektite, forge:storage_blocks/refined_glowstone, forge:mushrooms, productivebees:flowers/gems/peridot, tconstruct:seared_blocks, silentgems:glowroses/fluorite, botania:livingwood, productivebees:flowers/gems/morganite, forge:storage_blocks/bronze, tconstruct:slimy_soil/earth, silentgems:glowroses/sapphire, productivebees:flowers/gems/yellow_diamond, forge:storage_blocks/soulsteel, create:safe_nbt, forge:storage_blocks/carnelian, forge:sheetmetals/gold, productivebees:flowers/gems/chrysoprase, blockcarpentry:walls, buildinggadgets:blacklist/destruction, minecraft:fences, minecraft:saplings, productivebees:flowers/swamp_flowers, forge:storage_blocks/tin, forge:ores/copper, minecraft:mineable/pickaxe, mcwbridges:bamboo_stairs, minecraft:unstable_bottom_center, productivebees:flowers/gems/moldavite, mcwbridges:wooden_piers, minecraft:enderman_holdable, productivebees:nests/soul_sand_nests, minecraft:banners, forge:storage_blocks/electrum, minecraft:wooden_fences, forge:storage_blocks/knightslime, forge:sheetmetals/constantan, minecraft:wall_post_override, tconstruct:anvil_metal, mcwwindows:windows, silentgems:glowroses/ammolite, forge:obsidian, forge:storage_blocks/blaze_gold, tconstruct:slimy_nylium/ichor, forge:enderman_place_on_blacklist, productivebees:flowers/snow_flowers, silentgems:glowroses/agate, forge:chests/electric, forge:storage_blocks/citrine, biomesoplenty:mahogany_logs, forge:storage_blocks/honeycombs, productivebees:nests/wood_nests, buildinggadgets:whitelist/building, productivebees:flowers/gems/amber, productivebees:nests/bumble_bee, productivebees:flowers/gems/amethyst, botania:livingrock, forge:glass/magenta, forge:ores/coal, forge:storage_blocks/constantan, minecraft:fire, productivebees:flowers/gems/black_diamond, forge:sheetmetals/electrum, productivebees:flowers/gems/tourmaline, productivebees:flowers/gems/onyx, minecraft:needs_diamond_tool, minecraft:base_stone_nether, minecraft:wall_signs, tconstruct:seared_tanks, quark:vertical_slabs, productivebees:flowers/wither_flowers, productivebees:flowers/souled_flowers, carryon:block_whitelist, productivebees:flowers/crystalline, forge:storage_blocks/elementium, minecraft:trapdoors, ars_nouveau:harvest/fellable, tconstruct:smeltery/floor, tconstruct:slimy_grass/sky, forge:glass/cyan, botania:shiny_flowers, quark:crab_spawnable, forge:glass, forge:ores/ammolite, mcwbridges:log_stairs, forge:storage_blocks/magentite, tconstruct:skyroot_logs, forge:wooden_doors, tconstruct:slimy_soil/sky, minecraft:leaves, buzzier_bees:flower_blacklist, forge:storage_blocks/pewter, forge:storage_blocks/yellorium, forge:storage_blocks/rose_gold, forge:storage_blocks/brass, forge:ores/amethyst, forge:glass_panes/gray, minecraft:wither_immune, forge:ores/jasper, forge:ores/ruby, minecraft:acacia_logs, forge:storage_blocks/arcane_gold, elevatorid:elevators, forge:storage_blocks/silicon_bronze, tconstruct:slimy_tree_trunks, productivebees:flowers/redstone, forge:stained_glass_panes, immersiveengineering:scaffoldings/steel, productivebees:flowers/magmatic_flowers, forge:storage_blocks/queens_slime, mcwbridges:rope_stairs, forge:ores/opal, silentgems:glowroses/carnelian, forge:storage_blocks/zinc, forge:sand/red, the_bumblezone:honeycombs_that_features_can_carve, productivebees:flowers/gems/kyanite, forge:workbenches, forge:glass/brown, forge:storage_blocks/onyx, create:sails, minecraft:logs_that_burn, minecraft:mineable/hoe, silentgems:glowroses/jasper, minecraft:needs_iron_tool, forge:glass/gray, endergetic:ender_fire_base_blocks, productivebees:nests/reed_nests, forge:glass/light_gray, forge:storage_blocks/pyrope, forge:walls/walls, minecraft:wooden_slabs, productivebees:solitary_nests, create:toolboxes, productivebees:flowers/fiery, minecraft:small_flowers, productivebees:flowers/gems/diamond, forge:storage_blocks/refined_obsidian, mekanism:atomic_disassembler_ore, silentgems:glowroses/ametrine, botania:enchanter_flowers, forge:ores/osmium, silentgems:glowroses/coral, productivebees:flowers/gems/moonstone, mcwbridges:rail_bridges, forge:glass_panes/black, farmersdelight:wild_crops, silentgems:glowroses/tanzanite, forge:storage_blocks/manasteel, mcwwindows:curtains, productivebees:flowers/gems/apatite, sereneseasons:winter_crops, forge:ores/zircon, forge:glass_panes/blue, productivebees:nests/draconic_nests, tconstruct:slimy_nylium/blood, productivebees:flowers/gems/iolite, tconstruct:bloodshroom_logs, silentgear:fluffy_blocks, tconstruct:tables, forge:ores/kunzite, tconstruct:slimy_saplings, forge:ores/amber, silentgems:glowroses/jade, buildinggadgets:blacklist/exchanging, forge:stone, mcwbridges:bamboo_bridges, minecraft:standing_signs, minecraft:infiniburn_end, productivebees:nests/slimy_nests, forge:glass_panes/yellow, buildinggadgets:whitelist/destruction, ars_nouveau:magic_plants, mcwwindows:windows_two, biomesoplenty:cherry_logs, minecraft:wart_blocks, productivebees:flowers/nether_flowers, minecraft:planks/archwood, forge:storage_blocks/sodalite, botania:generating_special_flowers, farmersdelight:heat_conductors, productivebees:flowers/gems/agate, forge:storage_blocks/sunstone, tconstruct:tree_log, forge:storage_blocks/apatite, forge:marble, minecraft:shulker_boxes, productivebees:flowers/gems/zircon, productivebees:flowers/gems/jade, the_bumblezone:required_blocks_under_hive_to_teleport, productivebees:flowers/gems/tanzanite, itemfilters:check_nbt, forge:ores/silver, the_bumblezone:blacklisted_teleportable_hive_blocks, minecraft:birch_logs, tconstruct:slimy_planks, tconstruct:slimy_grass/ender, create:fan_heaters, forge:storage_blocks/cats_eye, forge:glass_panes/purple, forge:storage_blocks/ludicrite, tconstruct:slimy_soil/ichor, forge:ores/iolite, silentgems:glowroses/moonstone, forge:glass/yellow, quark:pike_trophies, forge:storage_blocks/green_sapphire, forge:storage_blocks/ammolite, silentgear:netherwood_soil, productivebees:flowers/radioactive, buildinggadgets:whitelist/copy_paste, minecraft:piglin_repellants, minecraft:oak_logs, forge:storage_blocks/neptunium, forge:barrels, blockcarpentry:beds, forge:storage_blocks/alexandrite, forge:ores/inferium, forge:ores/lapis, biomesoplenty:dead_logs, the_bumblezone:flowers_blacklisted_from_pollen_puff, forge:storage_blocks/slimesteel, forge:dirt, minecraft:bamboo_plantable_on, forge:storage_blocks/jasper, quark:lead_connectable, forge:storage_blocks/pig_iron, minecraft:pressure_plates, forge:ores/nickel, create:windowable, buzzier_bees:scented_candles, forge:ores/yellorite, minecraft:jungle_logs, silentgems:glowroses/chrysoprase, refinedstorage:storage_blocks/fluids/1048576k, forge:chests/ender, forge:ores/euclase, productivebees:flowers/gems/ametrine, minecraft:spruce_logs, forge:fence_gates/wooden, forge:ores/azure_silver, forge:ores/aluminum, productivebees:flowers/gems/carnelian, minecraft:mineable/axe, ars_nouveau:sylph/kinda_likes, forge:ores/uranium, forge:glass_panes/lime, forge:storage_blocks/manyullyn, forge:storage_blocks/azure_silver, productivebees:flowers/frozen, create:windmill_sails, forge:storage_blocks/jade, endergetic:poise_plantable, sereneseasons:spring_crops, forge:ores/rose_quartz, endergetic:end_crystal_placeable, tconstruct:foundry/wall, tconstruct:smeltery/wall, forge:storage_blocks/benitoite, forge:ores/alexandrite, forge:logs, silentgems:glowroses/lepidolite, silentgems:glowroses/kyanite, bigreactors:dry_ice, productivebees:flowers/gems/aquamarine, tconstruct:greenheart_logs, forge:ores/turquoise, forge:ores/peridot, mysticalagriculture:crops, botania:terra_plate_base, productivebees:flowers/gems/garnet, forge:ores/garnet, minecraft:flowers, forge:storage_blocks/cobalt, forge:ores/agate, productivebees:nests/cold_nests, the_bumblezone:flowers_allowed_by_pollen_puff, silentgems:glowroses/green_sapphire, minecraft:planks, silentgems:supercharger_pillar/cap, forge:cobblestone, botania:special_flowers, productivebees:flowers/gems/coral, silentgems:glowroses/spinel, botania:functional_special_flowers, silentgems:glowroses/pearl, productivebees:flowers/burning, botania:terraformable, forge:storage_blocks/gold, minecraft:fence_gates, tconstruct:foundry, refinedstorage:storage_blocks/items/1024k, productivebees:flowers/powdery, forge:ores/ametrine, forge:ores, silentgems:glowroses/malachite, forge:storage_blocks/rose_quartz, tconstruct:alloyer_tanks, forge:storage_blocks/graphite, forge:sheetmetals/iron, forge:fences, forge:pollen, blockcarpentry:doors, forge:storage_blocks/diamond, minecraft:nylium, productivebees:flowers/gems/benitoite, forge:chests/personal, silentgems:glowroses/apatite]
[02Dec2025 19:42:10.651] [Server thread/INFO] [FTB Teams/]: Loaded FTB Teams - 2 known players
[02Dec2025 19:42:10.692] [Server thread/INFO] [net.minecraft.server.dedicated.DedicatedServer/]: Preparing level "world"
[02Dec2025 19:42:11.102] [Server thread/INFO] [net.minecraft.server.MinecraftServer/]: Preparing start region for dimension minecraft:overworld
[02Dec2025 19:42:11.976] [Server thread/INFO] [net.minecraft.world.chunk.listener.LoggingChunkStatusListener/]: Preparing spawn area: 0%
[02Dec2025 19:42:11.976] [Server thread/INFO] [net.minecraft.world.chunk.listener.LoggingChunkStatusListener/]: Preparing spawn area: 0%
[02Dec2025 19:42:12.146] [Server thread/INFO] [net.minecraft.world.chunk.listener.LoggingChunkStatusListener/]: Preparing spawn area: 5%
[02Dec2025 19:42:12.587] [Server thread/INFO] [net.minecraft.world.chunk.listener.LoggingChunkStatusListener/]: Time elapsed: 1485 ms
[02Dec2025 19:42:12.588] [Server thread/INFO] [net.minecraft.server.dedicated.DedicatedServer/]: Done (2.021s)! For help, type "help"
[02Dec2025 19:42:13.201] [Server thread/INFO] [FTB Quests/]: Loading quests from /workspaces/literate-parakeet/servidor_minecraft/config/ftbquests/quests
[02Dec2025 19:42:13.255] [Server thread/INFO] [FTB Quests/]: Loaded 1 chapter groups, 17 chapters, 362 quests, 1 reward tables
[02Dec2025 19:42:13.322] [Server thread/INFO] [Astral Sorcery/]: Loaded PerkTree!
[02Dec2025 19:42:13.323] [Server thread/INFO] [Silent Gear/TraitManager]: Traits loaded: 96
[02Dec2025 19:42:13.323] [Server thread/INFO] [Silent Gear/PartManager]: Parts loaded: 46
[02Dec2025 19:42:13.323] [Server thread/INFO] [Silent Gear/PartManager]: - Compound: 41
[02Dec2025 19:42:13.324] [Server thread/INFO] [Silent Gear/PartManager]: - Simple: 5
[02Dec2025 19:42:13.324] [Server thread/INFO] [Silent Gear/MaterialManager]: Materials loaded: 183
[02Dec2025 19:42:13.325] [Server thread/INFO] [Silent Gear/MaterialManager]: - Standard: 177
[02Dec2025 19:42:13.341] [Server thread/INFO] [FTB Utilities Backups/]: Backups folder - /workspaces/literate-parakeet/servidor_minecraft/backups
[02Dec2025 19:42:32.756] [Server thread/INFO] [net.minecraftforge.common.AdvancementLoadFix/]: Using new advancement loading for net.minecraft.advancements.PlayerAdvancements@49c9a1ae
[02Dec2025 19:42:32.994] [Server thread/INFO] [net.minecraft.server.management.PlayerList/]: hrmes[/127.85.35.141:40133] logged in with entity id 156 at (2.5554902053565, 70.0, 2.928241749776053)
[02Dec2025 19:42:33.032] [Server thread/INFO] [net.minecraft.server.dedicated.DedicatedServer/]: hrmes joined the game
[02Dec2025 19:42:33.226] [Server thread/INFO] [Waila/]: Syncing config to hrmes (cd9af84c-6e4a-36ba-82bc-a723e04df073)
[02Dec2025 19:46:19.948] [Server thread/INFO] [STDOUT/]: [net.minecraft.tileentity.AbstractFurnaceTileEntity:getRecipe:1597]: net.minecraft.item.crafting.FurnaceRecipe@5655d610
[02Dec2025 19:47:13.606] [Server thread/INFO] [net.minecraft.server.dedicated.DedicatedServer/]: hrmes has made the advancement [Acquire Hardware]
[02Dec2025 19:47:57.492] [Server thread/INFO] [net.minecraft.server.dedicated.DedicatedServer/]: hrmes has made the advancement [Isn't It Iron Pick]
[02Dec2025 19:48:58.943] [Server thread/INFO] [net.minecraft.server.dedicated.DedicatedServer/]: hrmes has made the advancement [Shinies Acquired!]
[02Dec2025 19:49:45.394] [Server thread/INFO] [net.minecraftforge.common.AdvancementLoadFix/]: Using new advancement loading for net.minecraft.advancements.PlayerAdvancements@f533587
[02Dec2025 19:49:45.553] [Server thread/INFO] [net.minecraft.server.management.PlayerList/]: alexo[/127.11.209.99:56499] logged in with entity id 368 at (-2.448529802896166, 234.94893323950856, -0.26084870771273105)
[02Dec2025 19:49:45.565] [Server thread/INFO] [net.minecraft.server.dedicated.DedicatedServer/]: alexo joined the game
[02Dec2025 19:49:45.591] [Server thread/INFO] [Waila/]: Syncing config to alexo (64a923ad-b586-3492-adb7-a3dd15cc9217)
[02Dec2025 19:50:00.644] [Server thread/INFO] [net.minecraft.network.play.ServerPlayNetHandler/]: alexo lost connection: Timed out
[02Dec2025 19:50:00.644] [Server thread/INFO] [net.minecraft.server.dedicated.DedicatedServer/]: alexo left the game
[02Dec2025 19:50:00.767] [Server thread/WARN] [net.minecraft.network.NetworkManager/]: handleDisconnection() called twice
[02Dec2025 19:50:44.811] [Server thread/INFO] [net.minecraft.server.dedicated.DedicatedServer/]: hrmes has made the advancement [Monster Hunter]
[02Dec2025 19:51:09.784] [Server thread/INFO] [net.minecraftforge.common.AdvancementLoadFix/]: Using new advancement loading for net.minecraft.advancements.PlayerAdvancements@50fcb256
[02Dec2025 19:51:09.934] [Server thread/INFO] [net.minecraft.server.management.PlayerList/]: alexo[/127.11.209.99:52129] logged in with entity id 453 at (-2.448529802896166, 234.94893323950856, -0.26084870771273105)
[02Dec2025 19:51:09.944] [Server thread/INFO] [net.minecraft.server.dedicated.DedicatedServer/]: alexo joined the game
[02Dec2025 19:51:09.961] [Server thread/INFO] [Waila/]: Syncing config to alexo (64a923ad-b586-3492-adb7-a3dd15cc9217)
[02Dec2025 19:51:11.143] [Server thread/INFO] [net.minecraft.server.dedicated.DedicatedServer/]: hrmes has made the advancement [Diamonds!]
[02Dec2025 19:51:25.042] [Server thread/INFO] [net.minecraft.network.play.ServerPlayNetHandler/]: alexo lost connection: Timed out
[02Dec2025 19:51:25.043] [Server thread/INFO] [net.minecraft.server.dedicated.DedicatedServer/]: alexo left the game
[02Dec2025 19:52:57.022] [Server thread/INFO] [net.minecraftforge.common.AdvancementLoadFix/]: Using new advancement loading for net.minecraft.advancements.PlayerAdvancements@36b100d
[02Dec2025 19:52:57.141] [Server thread/INFO] [net.minecraft.server.management.PlayerList/]: alexo[/127.11.209.99:47487] logged in with entity id 601 at (-2.448529802896166, 234.94893323950856, -0.26084870771273105)
[02Dec2025 19:52:57.151] [Server thread/INFO] [net.minecraft.server.dedicated.DedicatedServer/]: alexo joined the game
[02Dec2025 19:52:57.169] [Server thread/INFO] [Waila/]: Syncing config to alexo (64a923ad-b586-3492-adb7-a3dd15cc9217)
[02Dec2025 19:53:12.293] [Server thread/INFO] [net.minecraft.network.play.ServerPlayNetHandler/]: alexo lost connection: Timed out
[02Dec2025 19:53:12.293] [Server thread/INFO] [net.minecraft.server.dedicated.DedicatedServer/]: alexo left the game
[02Dec2025 19:53:58.777] [Server thread/INFO] [net.minecraftforge.common.AdvancementLoadFix/]: Using new advancement loading for net.minecraft.advancements.PlayerAdvancements@f394763
[02Dec2025 19:53:58.936] [Server thread/INFO] [net.minecraft.server.management.PlayerList/]: alexo[/127.11.209.99:34045] logged in with entity id 623 at (-2.448529802896166, 234.94893323950856, -0.26084870771273105)
[02Dec2025 19:53:58.946] [Server thread/INFO] [net.minecraft.server.dedicated.DedicatedServer/]: alexo joined the game
[02Dec2025 19:53:58.963] [Server thread/INFO] [Waila/]: Syncing config to alexo (64a923ad-b586-3492-adb7-a3dd15cc9217)
[02Dec2025 19:54:07.342] [Server thread/INFO] [net.minecraft.server.dedicated.DedicatedServer/]: hrmes has made the advancement [Chaos Acquired!]
[02Dec2025 19:54:14.092] [Server thread/INFO] [net.minecraft.network.play.ServerPlayNetHandler/]: alexo lost connection: Timed out
[02Dec2025 19:54:14.093] [Server thread/INFO] [net.minecraft.server.dedicated.DedicatedServer/]: alexo left the game
[02Dec2025 19:56:33.572] [Server thread/INFO] [net.minecraftforge.common.AdvancementLoadFix/]: Using new advancement loading for net.minecraft.advancements.PlayerAdvancements@2276c074
[02Dec2025 19:56:33.698] [Server thread/INFO] [net.minecraft.server.management.PlayerList/]: alexo[/127.11.209.99:40077] logged in with entity id 699 at (-2.448529802896166, 234.94893323950856, -0.26084870771273105)
[02Dec2025 19:56:33.708] [Server thread/INFO] [net.minecraft.server.dedicated.DedicatedServer/]: alexo joined the game
[02Dec2025 19:56:33.725] [Server thread/INFO] [Waila/]: Syncing config to alexo (64a923ad-b586-3492-adb7-a3dd15cc9217)
[02Dec2025 19:56:48.142] [Server thread/WARN] [net.minecraft.network.play.ServerPlayNetHandler/]: alexo was kicked for floating too long!
[02Dec2025 19:56:48.192] [Server thread/INFO] [net.minecraft.network.play.ServerPlayNetHandler/]: alexo lost connection: Flying is not enabled on this server
[02Dec2025 19:56:48.193] [Server thread/INFO] [net.minecraft.server.dedicated.DedicatedServer/]: alexo left the game
[02Dec2025 19:56:59.574] [Server thread/INFO] [net.minecraftforge.common.AdvancementLoadFix/]: Using new advancement loading for net.minecraft.advancements.PlayerAdvancements@c4fd329
[02Dec2025 19:56:59.720] [Server thread/INFO] [net.minecraft.server.management.PlayerList/]: alexo[/127.11.209.99:36333] logged in with entity id 703 at (-2.448529802896166, 134.67489256990868, -0.26084870771273105)
[02Dec2025 19:56:59.730] [Server thread/INFO] [net.minecraft.server.dedicated.DedicatedServer/]: alexo joined the game
[02Dec2025 19:56:59.747] [Server thread/INFO] [Waila/]: Syncing config to alexo (64a923ad-b586-3492-adb7-a3dd15cc9217)
[02Dec2025 19:57:13.243] [Server thread/WARN] [net.minecraft.network.play.ServerPlayNetHandler/]: alexo was kicked for floating too long!
[02Dec2025 19:57:13.292] [Server thread/INFO] [net.minecraft.network.play.ServerPlayNetHandler/]: alexo lost connection: Flying is not enabled on this server
[02Dec2025 19:57:13.293] [Server thread/INFO] [net.minecraft.server.dedicated.DedicatedServer/]: alexo left the game
[02Dec2025 19:57:25.825] [Server thread/INFO] [net.minecraftforge.common.AdvancementLoadFix/]: Using new advancement loading for net.minecraft.advancements.PlayerAdvancements@54ef58b2
[02Dec2025 19:57:26.001] [Server thread/INFO] [net.minecraft.server.management.PlayerList/]: alexo[/127.11.209.99:40503] logged in with entity id 725 at (-1.9655682186045, -0.334864016559409, 0.0861230384553836)
[02Dec2025 19:57:26.011] [Server thread/INFO] [net.minecraft.server.dedicated.DedicatedServer/]: alexo joined the game
[02Dec2025 19:57:26.026] [Server thread/INFO] [Waila/]: Syncing config to alexo (64a923ad-b586-3492-adb7-a3dd15cc9217)
[02Dec2025 19:57:38.712] [Server thread/WARN] [net.minecraft.network.play.ServerPlayNetHandler/]: alexo moved too quickly! 0.0,332.4559657351638,0.0
[02Dec2025 19:57:40.692] [Server thread/WARN] [net.minecraft.network.play.ServerPlayNetHandler/]: alexo was kicked for floating too long!
[02Dec2025 19:57:40.742] [Server thread/INFO] [net.minecraft.network.play.ServerPlayNetHandler/]: alexo lost connection: Flying is not enabled on this server
[02Dec2025 19:57:40.743] [Server thread/INFO] [net.minecraft.server.dedicated.DedicatedServer/]: alexo left the game
[02Dec2025 19:57:52.873] [Server thread/INFO] [net.minecraftforge.common.AdvancementLoadFix/]: Using new advancement loading for net.minecraft.advancements.PlayerAdvancements@485759ed
[02Dec2025 19:57:53.032] [Server thread/INFO] [net.minecraft.server.management.PlayerList/]: alexo[/127.11.209.99:42251] logged in with entity id 730 at (2.7706091103789, 266.01251965427804, -1.382819539000538)
[02Dec2025 19:57:53.042] [Server thread/INFO] [net.minecraft.server.dedicated.DedicatedServer/]: alexo joined the game
[02Dec2025 19:57:53.059] [Server thread/INFO] [Waila/]: Syncing config to alexo (64a923ad-b586-3492-adb7-a3dd15cc9217)
[02Dec2025 19:58:07.893] [Server thread/WARN] [net.minecraft.network.play.ServerPlayNetHandler/]: alexo was kicked for floating too long!
[02Dec2025 19:58:07.942] [Server thread/INFO] [net.minecraft.network.play.ServerPlayNetHandler/]: alexo lost connection: Flying is not enabled on this server
[02Dec2025 19:58:07.943] [Server thread/INFO] [net.minecraft.server.dedicated.DedicatedServer/]: alexo left the game
[02Dec2025 19:58:19.022] [Server thread/INFO] [net.minecraftforge.common.AdvancementLoadFix/]: Using new advancement loading for net.minecraft.advancements.PlayerAdvancements@18797227
[02Dec2025 19:58:19.145] [Server thread/INFO] [net.minecraft.server.management.PlayerList/]: alexo[/127.11.209.99:48575] logged in with entity id 737 at (2.753699195830202, 121.88027947706011, -0.4090444775868068)
[02Dec2025 19:58:19.155] [Server thread/INFO] [net.minecraft.server.dedicated.DedicatedServer/]: alexo joined the game
[02Dec2025 19:58:19.171] [Server thread/INFO] [Waila/]: Syncing config to alexo (64a923ad-b586-3492-adb7-a3dd15cc9217)
[02Dec2025 19:58:29.537] [Server thread/INFO] [net.minecraft.server.dedicated.DedicatedServer/]: alexo fell from a high place
[02Dec2025 20:01:36.493] [Server thread/INFO] [net.minecraft.server.dedicated.DedicatedServer/]: hrmes was shot by Skeleton
[02Dec2025 20:02:14.681] [Server thread/WARN] [net.minecraft.network.play.ServerPlayNetHandler/]: alexo moved too quickly! 0.0,333.050961861862,0.0
[02Dec2025 20:02:15.493] [Server thread/WARN] [net.minecraft.network.play.ServerPlayNetHandler/]: alexo was kicked for floating too long!
[02Dec2025 20:02:15.542] [Server thread/INFO] [net.minecraft.network.play.ServerPlayNetHandler/]: alexo lost connection: Flying is not enabled on this server
[02Dec2025 20:02:15.542] [Server thread/INFO] [net.minecraft.server.dedicated.DedicatedServer/]: alexo left the game
[02Dec2025 20:02:26.621] [Server thread/INFO] [net.minecraftforge.common.AdvancementLoadFix/]: Using new advancement loading for net.minecraft.advancements.PlayerAdvancements@46d356ea
[02Dec2025 20:02:26.751] [Server thread/INFO] [net.minecraft.server.management.PlayerList/]: alexo[/127.11.209.99:35377] logged in with entity id 946 at (9.475117012500114, 294.3116112071725, 0.504102656421097)
[02Dec2025 20:02:26.759] [Server thread/INFO] [net.minecraft.server.dedicated.DedicatedServer/]: alexo joined the game
[02Dec2025 20:02:26.780] [Server thread/INFO] [Waila/]: Syncing config to alexo (64a923ad-b586-3492-adb7-a3dd15cc9217)
[02Dec2025 20:02:38.993] [Server thread/WARN] [net.minecraft.network.play.ServerPlayNetHandler/]: alexo was kicked for floating too long!
[02Dec2025 20:02:39.043] [Server thread/INFO] [net.minecraft.network.play.ServerPlayNetHandler/]: alexo lost connection: Flying is not enabled on this server
[02Dec2025 20:02:39.043] [Server thread/INFO] [net.minecraft.server.dedicated.DedicatedServer/]: alexo left the game
[02Dec2025 20:03:01.571] [Server thread/INFO] [net.minecraftforge.common.AdvancementLoadFix/]: Using new advancement loading for net.minecraft.advancements.PlayerAdvancements@7e3fee94
[02Dec2025 20:03:01.700] [Server thread/INFO] [net.minecraft.server.management.PlayerList/]: alexo[/127.11.209.99:43865] logged in with entity id 959 at (9.475117012500114, 162.30655614716383, 0.504102656421097)
[02Dec2025 20:03:01.709] [Server thread/INFO] [net.minecraft.server.dedicated.DedicatedServer/]: alexo joined the game
[02Dec2025 20:03:01.730] [Server thread/INFO] [Waila/]: Syncing config to alexo (64a923ad-b586-3492-adb7-a3dd15cc9217)
[02Dec2025 20:03:25.793] [Server thread/INFO] [net.minecraft.server.dedicated.DedicatedServer/]: alexo was slain by Toretoise
[02Dec2025 20:04:20.569] [Server thread/WARN] [net.minecraft.network.play.ServerPlayNetHandler/]: alexo moved too quickly! 0.0,334.4929803799864,0.0
[02Dec2025 20:04:21.843] [Server thread/WARN] [net.minecraft.network.play.ServerPlayNetHandler/]: alexo was kicked for floating too long!
[02Dec2025 20:04:21.893] [Server thread/INFO] [net.minecraft.network.play.ServerPlayNetHandler/]: alexo lost connection: Flying is not enabled on this server
[02Dec2025 20:04:21.893] [Server thread/INFO] [net.minecraft.server.dedicated.DedicatedServer/]: alexo left the game
[02Dec2025 20:04:32.466] [Server thread/INFO] [net.minecraftforge.common.AdvancementLoadFix/]: Using new advancement loading for net.minecraft.advancements.PlayerAdvancements@6ce79fac
[02Dec2025 20:04:32.590] [Server thread/INFO] [net.minecraft.server.management.PlayerList/]: alexo[/127.11.209.99:58153] logged in with entity id 1051 at (4.63497503792071, 284.0905413507407, 5.1586087979646695)
[02Dec2025 20:04:32.598] [Server thread/INFO] [net.minecraft.server.dedicated.DedicatedServer/]: alexo joined the game
[02Dec2025 20:04:32.618] [Server thread/INFO] [Waila/]: Syncing config to alexo (64a923ad-b586-3492-adb7-a3dd15cc9217)
[02Dec2025 20:04:45.843] [Server thread/WARN] [net.minecraft.network.play.ServerPlayNetHandler/]: alexo was kicked for floating too long!
[02Dec2025 20:04:45.892] [Server thread/INFO] [net.minecraft.network.play.ServerPlayNetHandler/]: alexo lost connection: Flying is not enabled on this server
[02Dec2025 20:04:45.892] [Server thread/INFO] [net.minecraft.server.dedicated.DedicatedServer/]: alexo left the game
[02Dec2025 20:04:57.443] [Server thread/INFO] [net.minecraft.server.dedicated.DedicatedServer/]: hrmes was slain by Spider
[02Dec2025 20:05:10.615] [Server thread/INFO] [net.minecraftforge.common.AdvancementLoadFix/]: Using new advancement loading for net.minecraft.advancements.PlayerAdvancements@d7b28fb
[02Dec2025 20:05:10.748] [Server thread/INFO] [net.minecraft.server.management.PlayerList/]: alexo[/127.11.209.99:59927] logged in with entity id 1129 at (4.63497503792071, 149.08078476427232, 5.1586087979646695)
[02Dec2025 20:05:10.757] [Server thread/INFO] [net.minecraft.server.dedicated.DedicatedServer/]: alexo joined the game
[02Dec2025 20:05:10.772] [Server thread/INFO] [Waila/]: Syncing config to alexo (64a923ad-b586-3492-adb7-a3dd15cc9217)
[02Dec2025 20:05:24.476] [Server thread/INFO] [net.minecraft.server.dedicated.DedicatedServer/]: alexo fell from a high place
[02Dec2025 20:05:44.943] [Server thread/INFO] [net.minecraft.server.dedicated.DedicatedServer/]: hrmes has completed the challenge [Classic Set]
[02Dec2025 20:06:23.494] [Server thread/INFO] [net.minecraft.server.dedicated.DedicatedServer/]: alexo has made the advancement [Acquire Hardware]
[02Dec2025 20:06:35.414] [Server thread/INFO] [net.minecraft.server.dedicated.DedicatedServer/]: alexo has made the advancement [Let It Grow]
[02Dec2025 20:08:15.692] [Server thread/INFO] [net.minecraft.server.dedicated.DedicatedServer/]: hrmes has made the advancement [Now You're Thinking With Hoppers]
[02Dec2025 20:08:46.315] [Server thread/WARN] [net.minecraft.network.play.ServerPlayNetHandler/]: alexo moved too quickly! 0.0,333.050961861862,0.0
[02Dec2025 20:08:47.093] [Server thread/WARN] [net.minecraft.network.play.ServerPlayNetHandler/]: alexo was kicked for floating too long!
[02Dec2025 20:08:47.142] [Server thread/INFO] [net.minecraft.network.play.ServerPlayNetHandler/]: alexo lost connection: Flying is not enabled on this server
[02Dec2025 20:08:47.142] [Server thread/INFO] [net.minecraft.server.dedicated.DedicatedServer/]: alexo left the game
[02Dec2025 20:09:21.117] [Server thread/INFO] [net.minecraftforge.common.AdvancementLoadFix/]: Using new advancement loading for net.minecraft.advancements.PlayerAdvancements@7ee998d6
[02Dec2025 20:09:21.235] [Server thread/INFO] [net.minecraft.server.management.PlayerList/]: alexo[/127.11.209.99:47293] logged in with entity id 1435 at (0.12090426773054413, 295.155521752943, 2.556532705310245)
[02Dec2025 20:09:21.245] [Server thread/INFO] [net.minecraft.server.dedicated.DedicatedServer/]: alexo joined the game
[02Dec2025 20:09:21.262] [Server thread/INFO] [Waila/]: Syncing config to alexo (64a923ad-b586-3492-adb7-a3dd15cc9217)
[02Dec2025 20:09:33.943] [Server thread/WARN] [net.minecraft.network.play.ServerPlayNetHandler/]: alexo was kicked for floating too long!
[02Dec2025 20:09:33.992] [Server thread/INFO] [net.minecraft.network.play.ServerPlayNetHandler/]: alexo lost connection: Flying is not enabled on this server
[02Dec2025 20:09:33.993] [Server thread/INFO] [net.minecraft.server.dedicated.DedicatedServer/]: alexo left the game
[02Dec2025 20:10:28.272] [Server thread/INFO] [net.minecraftforge.common.AdvancementLoadFix/]: Using new advancement loading for net.minecraft.advancements.PlayerAdvancements@5b0b1ca6
[02Dec2025 20:10:28.400] [Server thread/INFO] [net.minecraft.server.management.PlayerList/]: alexo[/127.11.209.99:59913] logged in with entity id 1533 at (0.12090426773054413, 169.1034496684097, 2.556532705310245)
[02Dec2025 20:10:28.410] [Server thread/INFO] [net.minecraft.server.dedicated.DedicatedServer/]: alexo joined the game
[02Dec2025 20:10:28.426] [Server thread/INFO] [Waila/]: Syncing config to alexo (64a923ad-b586-3492-adb7-a3dd15cc9217)
[02Dec2025 20:14:52.742] [Server thread/INFO] [net.minecraft.server.dedicated.DedicatedServer/]: alexo has made the advancement [Shinies Acquired!]
[02Dec2025 20:17:34.151] [Server thread/INFO] [net.minecraft.server.dedicated.DedicatedServer/]: alexo has made the advancement [Mixed Materials]
[02Dec2025 20:17:43.044] [Server thread/INFO] [net.minecraft.server.dedicated.DedicatedServer/]: alexo was slain by Slime
